,title,desc,date,datetime,link,img,media,site
0,Madison's housing debate is dangerously underdeveloped – Tone Madison,bookmark_border,Nov 8,,news.google.com/./articles/CBMiV2h0dHBzOi8vdG9uZW1hZGlzb24uY29tL2FydGljbGVzL21hZGlzb25zLWhvdXNpbmctZGViYXRlLWlzLWRhbmdlcm91c2x5LXVuZGVyZGV2ZWxvcGVkL9IBAA?hl=en-US&gl=US&ceid=US%3Aen,https://lh3.googleusercontent.com/proxy/YWbwguejArr2doaht8BXLOs7xJkbNnQ9Zn-dEg56r1flnpGzJ2XupFSsf09BKC2GNgmOfuE404HELq7XGkz3slIb5JFhYuDRjEOQffvXtndnjfGqpnn7Zo6Na9MD_rA=s0-w100-h100-dcgUIM,,
1,Wisconsin's housing shortage isn't just a quality-of-life issue. It's a workforce issue.,bookmark_border,Nov 2,,news.google.com/./articles/CBMiYGh0dHBzOi8vd3d3Lndwci5vcmcvd2lzY29uc2lucy1ob3VzaW5nLXNob3J0YWdlLWlzbnQtanVzdC1xdWFsaXR5LWxpZmUtaXNzdWUtaXRzLXdvcmtmb3JjZS1pc3N1ZdIBAA?hl=en-US&gl=US&ceid=US%3Aen,https://lh3.googleusercontent.com/proxy/GWyKL2vudA81N8mz5mFXA8vzJwHAKIrgiffXpnG0vqXhM7SHd2YfHRyXnWrpVQYS2_A6bin7cGtkXZNzSYfpxWLuuDQXlTEVsg66wK3unmLPxIYZhKyNfB_x57NPb-Kn7xY3bdy-w3KWBw=s0-w100-h100-dcgdGGDFED,,
2,Madison's housing crisis having lasting effects on residents,bookmark_border,Aug 9,,news.google.com/./articles/CBMifmh0dHBzOi8vc3BlY3RydW1uZXdzMS5jb20vd2kvbWlsd2F1a2VlL25ld3MvMjAyMi8wOC8wOS9tYWRpc29uLXMtaG91c2luZy1jcmlzaXMtaGF2aW5nLWxhc3RpbmctZWZmZWN0cy1vbi1sb3ctaW5jb21lLXJlc2lkZW50c9IBAA?hl=en-US&gl=US&ceid=US%3Aen,https://lh3.googleusercontent.com/proxy/Kb-Y6HNoThLO4J1olLq6BIqVS4HD6JRRJmA9MztT_0cebh1TK0tY7BVmQCHFwMHbd2oDGdkuJBXdQFCDUQnLd9dQJG5OMdVuK0Gy=s0-w100-h100-dcAXCK5awG,,
3,A legacy of past choices: Milwaukee's housing crisis explained,bookmark_border,Jun 10,,news.google.com/./articles/CBMiYGh0dHBzOi8vd2lzY29uc2lud2F0Y2gub3JnLzIwMjIvMDYvYS1sZWdhY3ktb2YtcGFzdC1jaG9pY2VzLW1pbHdhdWtlZXMtaG91c2luZy1jcmlzaXMtZXhwbGFpbmVkL9IBAA?hl=en-US&gl=US&ceid=US%3Aen,https://lh3.googleusercontent.com/proxy/n3mbiEF2GkHAw06WVlx4KzSYmWgKixATD-gsKT8M9rhjbPb1mArFH5hpG_uTvlfhoiQiWvFDGlDaEHnRlzkqsfi41oMYlVGOnpInFs8nynWffPkG7wAxfE6faWQ2RmNVPcVrkfyxSuygJM8EEWzOMvR-j1MXWASMQlnE_IUf4UZVkaE6Gi1y8b0QZ0SXk27VzG95zJxAng=s0-w100-h100-dcAUSSbyUI,,
4,"Lack of units in Madison, ever-growing population results in racial disparities in housing",bookmark_border,Nov 16,,news.google.com/./articles/CBMidWh0dHBzOi8vbWFkaXNvbmNvbW1vbnMub3JnL2xhY2stb2YtdW5pdHMtaW4tbWFkaXNvbi1ldmVyLWdyb3dpbmctcG9wdWxhdGlvbi1yZXN1bHRzLWluLXJhY2lhbC1kaXNwYXJpdGllcy1pbi1ob3VzaW5nL9IBAA?hl=en-US&gl=US&ceid=US%3Aen,https://lh3.googleusercontent.com/proxy/IhM-3GtjbHr17i9M0vsmPe0WX3GURkgFTD-2MP3z7O58FgY3z0eP_MA7Lpbb2juqUuZ0ZEeVVevkZ9MxclI2fQbX4PVge2CNDuFgVjRlbnjXupGSDkmplpGz9M0_x7TsnQXI_FA8NRH1AIZ8uJYs-Th5nYeCV-8IkA=s0-w100-h100-dcJVaW7KUI,,
5,"Student population adds to BTV housing crisis, UVM's plans to relieve pressure in progress",bookmark_border,Yesterday,2022-12-01 19:51:57.038252,news.google.com/./articles/CBMidmh0dHBzOi8vdnRjeW5pYy5jb20vZmVhdHVyZXMvc3R1ZGVudC1wb3B1bGF0aW9uLWFkZHMtdG8tYnR2LWhvdXNpbmctY3Jpc2lzLXV2bXMtcGxhbnMtdG8tcmVsaWV2ZS1wcmVzc3VyZS1pbi1wcm9ncmVzcy_SAQA?hl=en-US&gl=US&ceid=US%3Aen,https://lh3.googleusercontent.com/proxy/78xkU08x-tNRwWagkWhdQ_dESLS-eePca4U97Gg61pBOm7FyXP7akRMKN209tiAUplFhqSUUIIYt7CojnaMw4wontY7i4OzrYthw6QKR03QR3n0=s0-w100-h100-dcARCGKJhjwaWKYtE,,
6,The affordable housing crisis in Wisconsin | Wisconsin Public Radio,bookmark_border,Feb 21,,news.google.com/./articles/CBMiN2h0dHBzOi8vd3d3Lndwci5vcmcvYWZmb3JkYWJsZS1ob3VzaW5nLWNyaXNpcy13aXNjb25zaW7SAQA?hl=en-US&gl=US&ceid=US%3Aen,https://lh3.googleusercontent.com/proxy/vKwozC56dfH1W8Lm71CirhFx3AkKFRv8-Sl3dmJlykWSjmbKn2pmCiYeAMoLfKEwakfeJ0M7hK4T93zMo23IEDPqafi9x0T70OvAhG_wiAIIp3s1Zewy2G9GX_uFs4kBNLAe89NuZsvWvQwi_OhFpSKqaNhBN4szdWjoVeo=s0-w100-h100-dcAYIC,,
7,Affordable housing crisis impacts UW-Madison students aiming to live off-campus,bookmark_border,Oct 19,,news.google.com/./articles/CBMibGh0dHBzOi8vd3d3LmNoYW5uZWwzMDAwLmNvbS9hZmZvcmRhYmxlLWhvdXNpbmctY3Jpc2lzLWltcGFjdHMtdXctbWFkaXNvbi1zdHVkZW50cy1haW1pbmctdG8tbGl2ZS1vZmYtY2FtcHVzL9IBAA?hl=en-US&gl=US&ceid=US%3Aen,https://lh3.googleusercontent.com/proxy/t08MjWGcqwprNRQp5VWhM071pWvpaOIJgdfMGXwnsyJdDkCG6BfZ7UX5w2hyouI47Cp7URwEEH2xGt2RfPy04JmSOxkrg_t_stEhTb1tIjIZsht91YCQ4TYzUR_X1a6oJxfXLsKgfBpA9c3nrY4OClhxkZjJ_1_eRKlJA1Gv4o8-hYdEfZ-wUu73XYFQ2PqypeR2F8g9tF2AgM0Tia7n6ac=s0-w100-h100-dcJUWAzSEI,,
8,"New program provides supports for homeless families, pregnant women",Opinion,2 days ago,2022-11-30 19:51:57.039769,news.google.com/./articles/CBMib2h0dHBzOi8vYmFkZ2VyaGVyYWxkLmNvbS9vcGluaW9uLzIwMjIvMTEvMjkvbmV3LXByb2dyYW0tcHJvdmlkZXMtc3VwcG9ydHMtZm9yLWhvbWVsZXNzLWZhbWlsaWVzLXByZWduYW50LXdvbWVuL9IBAA?hl=en-US&gl=US&ceid=US%3Aen,https://lh3.googleusercontent.com/proxy/Z4cbl1COEUkb2mQEM42ws_pq6r5qFO1BfQeClbKeQo4sSI2U9T-6SxxCGKQNQ4RGicJWNkdC6z5hfpvI67AdFwxYDffDKCrtMGOcXTJ0FhR5iNBegxPAtEYiqQ=s0-w100-h100-dcAbKORj4F,,
9,"Habitat for Humanity Dane County, Build with Strength partner to build sustainable, affordable homes",bookmark_border,Nov 3,,news.google.com/./articles/CBMijAFodHRwczovL2JhZGdlcmhlcmFsZC5jb20vbmV3cy8yMDIyLzExLzAzL2hhYml0YXQtZm9yLWh1bWFuaXR5LWRhbmUtY291bnR5LWJ1aWxkLXdpdGgtc3RyZW5ndGgtcGFydG5lci10by1idWlsZC1zdXN0YWluYWJsZS1hZmZvcmRhYmxlLWhvbWVzL9IBAA?hl=en-US&gl=US&ceid=US%3Aen,https://lh3.googleusercontent.com/proxy/t4flAUgBvPlJEDmEwmi0P5Gl9nuXJGI95R9wlU9DzGiUGPRzRFv2yFiAPVkk9ctHh7bg1-DaLj4djrIztux85QGcubxlyC6oaixMFNDm-42ysuzzynza7xZ70tMT=s0-w100-h100-dcjTGOh54J,,
10,Is a long-awaited California housing development destined to burn?,bookmark_border,3 days ago,2022-11-29 19:51:57.040829,news.google.com/./articles/CBMiN2h0dHBzOi8vZ3Jpc3Qub3JnL2hvdXNpbmcvY2hpY28tdmFsbGV5cy1lZGdlLWNhbXAtZmlyZS_SAQA?hl=en-US&gl=US&ceid=US%3Aen,https://lh3.googleusercontent.com/proxy/9Lm6hctx10BzmBdTcfkNDjD1T9NzQfIjZwRAUyke5FgFAO7VzfQ7HQhbUEp2Gi7j7jWOk_sGzV8J3cHo0SIgCz8JMps_TvMj4J-6KRweqTGpFsqL5m44Rj15oUkl=s0-w100-h100-dcpUOKrzEF,,
11,"ASM discusses Continue to Raise Campaign, bylaws · The Badger Herald",bookmark_border,Yesterday,2022-12-01 19:51:57.041329,news.google.com/./articles/CBMiWWh0dHBzOi8vYmFkZ2VyaGVyYWxkLmNvbS9uZXdzLzIwMjIvMTEvMzAvYXNtLWRpc2N1c3Nlcy1jb250aW51ZS10by1yYWlzZS1jYW1wYWlnbi1ieWxhd3Mv0gEA?hl=en-US&gl=US&ceid=US%3Aen,https://lh3.googleusercontent.com/proxy/JAQk_oHGTJR9bzQO5UsqJkE-ESyHUj0azkZ01TzcjMAL8UmmeJduwaflaeYd2krY5Uh_YxdvTlm1XOawbTmFphQHNIx-ZT5NGnRxVYk0zlpWfWeMXhJUDmgRYmc_xg=s0-w100-h100-p-df,,
12,'We're not the only people struggling': Bayfield County moves forward on efforts to address housing shortage,bookmark_border,Jul 27,,news.google.com/./articles/CBMicmh0dHBzOi8vd3d3Lndwci5vcmcvd2VyZS1ub3Qtb25seS1wZW9wbGUtc3RydWdnbGluZy1iYXlmaWVsZC1jb3VudHktbW92ZXMtZm9yd2FyZC1lZmZvcnRzLWFkZHJlc3MtaG91c2luZy1zaG9ydGFnZdIBAA?hl=en-US&gl=US&ceid=US%3Aen,https://lh3.googleusercontent.com/proxy/CnVfRhQj97JVwwOT_6pZ89bUdOqCfKsM03661JRRPjPacq2RUekT6LMZkooj4m7V5tf8T84H6ibfFwGTtFZ92q2PcNBBPMvoqqqg5p1dCEZKgwR9t-M7Qlcl91jKcKzsAUwAzaNnuMEyEKbXgCiFvYbBKy8-XCamyJYL=s0-w100-h100-dcIZCMlTQG,,
13,Wausau is facing an 'affordable housing crisis.' Here's what is being done to address it.,bookmark_border,Jul 20,,news.google.com/./articles/CBMigwFodHRwczovL3d3dy53YXVzYXVkYWlseWhlcmFsZC5jb20vc3RvcnkvbmV3cy9sb2NhbC8yMDIyLzA3LzIwL3dhdXNhdXMtYWZmb3JkYWJsZS1ob3VzaW5nLWNyaXNpcy13aGF0LWJlaW5nLWRvbmUtYWRkcmVzcy83NzgwMTczMDAxL9IBAA?hl=en-US&gl=US&ceid=US%3Aen,https://lh3.googleusercontent.com/proxy/dRmssFirGVzDG8-0J2OtIEpioP9ktY2NHheV9qvgrysl8_R98GAaC8kwNAasstDCD_5z6H424Mjj_c4RCpN8ZSEBEUUTPzvZZYCgqdhp6djaBYV0g1ao8POyLnz0rpVsNq0ht6wEx8afFXEF4EgIdAXA6aQsqk7U3Ce_slYctaXUyiYDJsLXxuX29SYr5Mt8raYkCco6LBc6bCZSqL6z42dUhvs=s0-w100-h100-dclTaOCJoJ,,
14,Growing unsheltered population forces a reckoning with Wisconsin's housing crisis,bookmark_border,"Dec 7, 2021",2021-12-07 00:00:00.000000,news.google.com/./articles/CBMiXWh0dHBzOi8vd3d3Lndwci5vcmcvZ3Jvd2luZy11bnNoZWx0ZXJlZC1wb3B1bGF0aW9uLWZvcmNlcy1yZWNrb25pbmctd2lzY29uc2lucy1ob3VzaW5nLWNyaXNpc9IBAA?hl=en-US&gl=US&ceid=US%3Aen,https://lh3.googleusercontent.com/proxy/rPYv3n2dWOlwjpj1uitLlPy7zbgbJc94R3uJwLHFVBeWFp6MA6t1i18ECITH2fzXLOZ1E1GVUx5VZt2ux4WcjlKfrHuphPoh6b6N1fvInMEKpVnsUwvUoA=s0-w100-h100-dckUWW5yEJ,,
15,Wisconsin property values see record growth in 2022,bookmark_border,Sep 28,,news.google.com/./articles/CBMiRGh0dHBzOi8vd3d3Lndwci5vcmcvd2lzY29uc2luLXByb3BlcnR5LXZhbHVlcy1zZWUtcmVjb3JkLWdyb3d0aC0yMDIy0gEA?hl=en-US&gl=US&ceid=US%3Aen,https://lh3.googleusercontent.com/proxy/CnVfRhQj97JVwwOT_6pZ89bUdOqCfKsM03661JRRPjPacq2RUekT6LMZkooj4m7V5tf8T84H6ibfFwGTtFZ92q2PcNBBPMvoqqqg5p1dCEZKgwR9t-M7Qlcl91jKcKzsAUwAzaNnuMEyEKbXgCiFvYbBKy8-XCamyJYL=s0-w100-h100-dcIZCMlTQG,,
16,"Cardinal View: Madison housing shortages, rent surges need to be addressed",bookmark_border,Sep 29,,news.google.com/./articles/CBMidmh0dHBzOi8vd3d3LmRhaWx5Y2FyZGluYWwuY29tL2FydGljbGUvMjAyMi8wOS9jYXJkaW5hbC12aWV3LW1hZGlzb24taG91c2luZy1zaG9ydGFnZXMtcmVudC1zdXJnZXMtbmVlZC10by1iZS1hZGRyZXNzZWTSAQA?hl=en-US&gl=US&ceid=US%3Aen,https://lh3.googleusercontent.com/proxy/_9uH54qvEvkeJCccX7bZu5aW1Z3bOX561t-0Nj3lHC76CpewYxjW_YnuFY1WWXkJ3JPt7Oo_XI0W68Dj4rbFHyaRDs6oRDL3C7D5_mL86ptvOcUbpMsYwcEYsxjsIQJyVC4aDXjOl2JgtiOKGKLzaAQLidf3dVhosrr2FszK4X67onJ5rcvtxkjnQ_Vnn1D3hc0bsAymFXO4x1uu7TS1pzkj-WkW5XEv_YZeiRuLsA=s0-w100-h100-dcATKCqhkJ,,
17,Heating assistance available for veterans | Free,bookmark_border,1 hour ago,2022-12-02 18:51:57.044312,news.google.com/./articles/CBMiiwFodHRwczovL3d3dy5hcGctd2kuY29tL2FzaGxhbmRfZGFpbHlfcHJlc3MvZnJlZS9oZWF0aW5nLWFzc2lzdGFuY2UtYXZhaWxhYmxlLWZvci12ZXRlcmFucy9hcnRpY2xlXzZlNjQ1MjczLTJjN2EtNWU3OS05Nzc1LTdiNTJjOWE2YWI5YS5odG1s0gEA?hl=en-US&gl=US&ceid=US%3Aen,https://lh3.googleusercontent.com/proxy/dsdxYwKVxzKyMwAseXT0avaWc0zpzvXTFmXBe1B3bQeBVh_Z_RLv3HNYCh6CxTKfXyZtT6PxPtPUBQ7Z0ZvrYp48Os4WUiXWxCrwY0nrrWrKp_9V7yLdxp6Bk65okyf2hxw8Wbh8VxXQmeNfV-QAOCWfe3QiOilgaBZpstZi51gQR2rvOzkifsvXOh5NPRDBv0QKpYMK2U48d0EIifR8pD4yUUA1e2AZgzlMijvp9l1ew6cp0D5116oOngE0XLB7docmyFi1XBz3=s0-w100-h100-dcGXWOKqoH,,
18,Homeownership dreams foiled by a 'perfect storm',bookmark_border,Apr 15,,news.google.com/./articles/CBMiUmh0dHBzOi8vcGJzd2lzY29uc2luLm9yZy9uZXdzLWl0ZW0vaG9tZW93bmVyc2hpcC1kcmVhbXMtZm9pbGVkLWJ5LWEtcGVyZmVjdC1zdG9ybS_SAQA?hl=en-US&gl=US&ceid=US%3Aen,https://lh3.googleusercontent.com/proxy/F4ZZq9yWsaOTqEX32YWOF5rxjILgW8AvpMzm901UPhZbcArMddSbX6iFeXMzYuIKs0m_NyApChVfBP9Rou1utcJE9QyTVbyzl9b0aYZe0f5ePXURrC0vVu5QryZabbtMBxNuCVBV=s0-w100-h100-dcGVeAKiYI,,
19,Unhoused and underserved: Milwaukee sees increase in homeless resident deaths,bookmark_border,Nov 14,,news.google.com/./articles/CBMicGh0dHBzOi8vd2lzY29uc2lud2F0Y2gub3JnLzIwMjIvMTEvdW5ob3VzZWQtYW5kLXVuZGVyc2VydmVkLW1pbHdhdWtlZS1zZWVzLWluY3JlYXNlLWluLWhvbWVsZXNzLXJlc2lkZW50LWRlYXRocy_SAQA?hl=en-US&gl=US&ceid=US%3Aen,https://lh3.googleusercontent.com/proxy/IZS4N0VTT-pSxcW47TBCNCjwaS2XBVFx_xuI3uQx9ibyCkwLPVCwwKhQpkCuONv2LnUGGuMjhrGunezHtXb_eDPHzdyEtMqNx2T0L5k6I-kAowZ_fS0sUqPO7LnkK0EQyy_WVBM=s0-w100-h100-dcjUKeKCEJ,,
20,Wisconsin groups offer 'cookbook' to spur affordable housing,bookmark_border,Feb 16,,news.google.com/./articles/CBMijwFodHRwczovL3d3dy5ncmVlbmJheXByZXNzZ2F6ZXR0ZS5jb20vc3RvcnkvbW9uZXkvMjAyMi8wMi8xNi9uZXctY29va2Jvb2stb2ZmZXJzLXNvbHV0aW9ucy13aXNjb25zaW4taG91c2luZy1jcmlzaXMtYWZmb3JkYWJsZS1ob21lcy82Nzk5NDI0MDAxL9IBAA?hl=en-US&gl=US&ceid=US%3Aen,https://lh3.googleusercontent.com/proxy/EcKoxvSkfKnXuhTBVuHv2CWeubEEIe0skbAAO15zMGFf3tLqAjqG2uVXlohaWaRGz2WL--56DkAlPryc-MAFGFAGVdXVfe-hwKiNUMDBGxI29K220COPuZdW3K311VP4gccRveAKYOtOjmZv61Qd5qJlLpfwtuPK5NzbpsJ0TZRfxzqcBBlkg17nYcIE5aDSrvj_A6XGyQXqtOFLGBFeTOYz6fSe2wBA7IMGDwGD91-J7J1jJvmR6ECPBd3zseUG2bNghSDYmxoSCKlOGVxxtpo3JtsB-3Kx4Mgvnqc=s0-w100-h100-dcFbGAE~EC,,
21,Solving the Affordable Housing Shortage,bookmark_border,Jun 3,,news.google.com/./articles/CBMiRGh0dHBzOi8vZG9vcmNvdW50eXB1bHNlLmNvbS9zb2x2aW5nLXRoZS1hZmZvcmRhYmxlLWhvdXNpbmctc2hvcnRhZ2Uv0gEA?hl=en-US&gl=US&ceid=US%3Aen,https://lh3.googleusercontent.com/proxy/jSkeIObrcofiOiSmTr5NUYrWiKTIODVFp3qvf7y1hkVxipKTPwkxzA3e8pRvMv25dXsIaAguezheSlyix6zh9Uocrdn-hmUwQSafvPjpGMLgrfQPju6jUtGomLDOV15bmLCu=s0-w100-h100-dcBUSSbDUG,,
22,MGR Govindarajan announces candidacy for District 8 Alder,bookmark_border,Yesterday,2022-12-01 19:51:57.046844,news.google.com/./articles/CBMiUWh0dHBzOi8vbWFkaXNvbjM2NS5jb20vbWdyLWdvdmluZGFyYWphbi1hbm5vdW5jZXMtY2FuZGlkYWN5LWZvci1kaXN0cmljdC04LWFsZGVyL9IBAA?hl=en-US&gl=US&ceid=US%3Aen,https://lh3.googleusercontent.com/proxy/cO4e_rumYmqpqVwj_D5WKQU6lpv1FspIX8oZzBL0P3U78kOBm77BRtwNmfXTWp8CiOfyQ5cddGsD4Ju3PFkji4oBKA_hRWd3yC2R0Hj4svLQ5LefSayi2SQZsIgrW-I=s0-w100-h100-dcqUWKzSEI,,
23,"How Wisconsin can fix shortage of affordable apartments, homes",bookmark_border,"Sep 29, 2021",2021-09-29 00:00:00.000000,news.google.com/./articles/CBMijgFodHRwczovL3d3dy5ncmVlbmJheXByZXNzZ2F6ZXR0ZS5jb20vaW4tZGVwdGgvbmV3cy9sb2NhbC8yMDIxLzA5LzI5L2FmZm9yZGFibGUtaG91c2luZy1ob3ctd2lzY29uc2luLWZpeC1zaG9ydGFnZS1hcGFydG1lbnRzLWhvbWVzLzU1NDMzMTQwMDEv0gEA?hl=en-US&gl=US&ceid=US%3Aen,https://lh3.googleusercontent.com/proxy/jXFyyGV50NU16ZECtJLZpfXsBrtSIOqfMhTzViPSfyGR1qyl8RqHz15u1TDWKXthmKSsOFbJ0e2CFSeObvBkHtI0P2Dlv4k8J5pkEv9NxnbLOQDFdauY38YsEwVxq5M_XmZzZys-QFTWBl3D7w2vpbBaOUnirQhC1NNLwqrczv5W7Dn09JVl0pm_pLblDlAAzNdrqvUkXbE4GZYoj2WQFXVXphLTIjCJ2ZKlgLavUJ1SdorQxVs=s0-w100-h100-dcEXOKUakH,,
24,Affordable housing Wisconsin: GOP bills look at workforce housing,bookmark_border,"Dec 20, 2021",2021-12-20 00:00:00.000000,news.google.com/./articles/CBMihQFodHRwczovL3d3dy5wb3N0Y3Jlc2NlbnQuY29tL3N0b3J5L25ld3MvcG9saXRpY3MvMjAyMS8xMi8yMC9hZmZvcmRhYmxlLWhvdXNpbmctd2lzY29uc2luLWdvcC1iaWxscy1sb29rLXdvcmtmb3JjZS1ob3VzaW5nLzY0MTk5ODIwMDEv0gEA?hl=en-US&gl=US&ceid=US%3Aen,https://lh3.googleusercontent.com/proxy/TJ6ZNDU45m-osV5-dtwZHEN_IPkwatJY7z7MyqxMDJJGxdac-kwbcHXTALuavsgN9QYYF7EL9qVK99Bg8DAKA_1Wvft8qCLbmv3a3ObIXA8W8pDiwrpsPzQgFF7sXJKOLD6uTca7gt-7iSyX_RL9jVrfkiV23-N-flzxMKnl8XvN2jLFru-F9S8aMFv3iu_F0M3OV6mBVxxNZbf7_fJ-1JVg7MI9Z_nGjzg2JbEtaCUtXgshOdnAyI9kXK9U1OqdIjZDNfw1KSSOnTgu1vFruKBykokTqu9Cfpdy=s0-w100-h100-dcBYKM7bBnwQwC,,
25,Outagamie County devises regional strategy to address looming shortage of affordable housing,bookmark_border,Sep 2,,news.google.com/./articles/CBMilgFodHRwczovL3d3dy5wb3N0Y3Jlc2NlbnQuY29tL3N0b3J5L25ld3Mvc3BlY2lhbC1yZXBvcnRzLzIwMjIvMDkvMDIvb3V0YWdhbWllLWNvdW50eS1kZXZlbG9wcy1zdHJhdGVneS1hZGRyZXNzLWFmZm9yZGFibGUtaG91c2luZy1zaG9ydGFnZS8xMDEwMTkyODAwMi_SAQA?hl=en-US&gl=US&ceid=US%3Aen,https://lh3.googleusercontent.com/proxy/MP5v2Rl_a8Co7igDZRUQ-p62IYHzS6sTH0P9cHxda0i_4Ft0P5cNIxb6mmNTafy3jmgrgf8I-wPHo4nusvT519CejK6EWVONNt87oBbD7hUpSBSKCT1yv6D4azO3MMQ_K5CLDfI3gRyn3dkff7Uop-IseKY8o83ZA7R9WM5PeMRbNOwXlKLga0ChoeoJETZU6Oz737pIjEO-zA=s0-w100-h100-dcGTeCKR4I,,
26,Vacant school building offers solution to a rural town's housing shortage,bookmark_border,Jul 22,,news.google.com/./articles/CBMiV2h0dHBzOi8vd3d3Lndwci5vcmcvdmFjYW50LXNjaG9vbC1idWlsZGluZy1vZmZlcnMtc29sdXRpb24tcnVyYWwtdG93bnMtaG91c2luZy1zaG9ydGFnZdIBAA?hl=en-US&gl=US&ceid=US%3Aen,https://lh3.googleusercontent.com/proxy/J5Cai8jJtnG6INmgkAGOUQgZGNs6sshtztmOoGrNfpN5BDp9XNsQN1DJSUMQ7Q_Al9AdR8HTnnVFkmC1VvvVBLnfCGohSZoDZpuAc1AvZJKIHQ=s0-w100-h100-dcEYAa,,
27,Madison apartment building takes new approach to student off-campus housing shortage,bookmark_border,Oct 26,,news.google.com/./articles/CBMicWh0dHBzOi8vd3d3LmNoYW5uZWwzMDAwLmNvbS9tYWRpc29uLWFwYXJ0bWVudC1idWlsZGluZy10YWtlcy1uZXctYXBwcm9hY2gtdG8tc3R1ZGVudC1vZmYtY2FtcHVzLWhvdXNpbmctc2hvcnRhZ2Uv0gEA?hl=en-US&gl=US&ceid=US%3Aen,https://lh3.googleusercontent.com/proxy/hRqptj-7QV9Cm0Q46ZxqyYWhLVkoeXVBJiuTduVZGUwCkiKtiErkJ8c2rW1jYfMLwXE2boxX_qQNM4tDJLqFs2px6Xlru6cyXR2qSe3znDrjUsTZW4d3WNodXrtU-9BcdZKp9dEMdKP1cfR51r3dGzsNczaQG85j_qfgHuha6tM0Ng=s0-w100-h100-dcgTCGtUAD,,
28,"Milwaukee area housing market has calmed a bit, but remains a seller's market",bookmark_border,Jun 24,,news.google.com/./articles/CBMia2h0dHBzOi8vd3d3Lnd1d20uY29tLzIwMjItMDYtMjQvbWlsd2F1a2VlLWFyZWEtaG91c2luZy1tYXJrZXQtaGFzLWNhbG1lZC1hLWJpdC1idXQtcmVtYWlucy1hLXNlbGxlcnMtbWFya2V00gEA?hl=en-US&gl=US&ceid=US%3Aen,https://lh3.googleusercontent.com/proxy/l23U7p1cmyC-gjzyHQFSfQ6AVc8JYksMHd_qAFSbgaTWgU0DqrkUD-bT5OsJD-JyKUKmmKoQ-VeDfIF1Ysg-kHSEdGLpOTnrP25gQ_kS4ynnCfcglVfSZHbeOCB3uZhGaIFk0kCKbxTI3KkD=s0-w100-h100-dcAYAS,,
29,Young professionals struggle to find places to live in the Northwoods. Here's what that means for the labor shortage,bookmark_border,Apr 28,,news.google.com/./articles/CBMipQFodHRwczovL3d3dy53eHByLm9yZy9idXNpbmVzcy1lY29ub21pY3MvMjAyMi0wNC0yOC95b3VuZy1wcm9mZXNzaW9uYWxzLXN0cnVnZ2xlLXRvLWZpbmQtcGxhY2VzLXRvLWxpdmUtaW4tdGhlLW5vcnRod29vZHMtaGVyZXMtd2hhdC10aGF0LW1lYW5zLWZvci10aGUtbGFib3Itc2hvcnRhZ2XSAQA?hl=en-US&gl=US&ceid=US%3Aen,https://lh3.googleusercontent.com/proxy/SumvxCD-QcFWqe6mLUAkrgNRUWUwj82Rz4MEOHFUdmXNL1piod5CUOIs8g48dW-XB6s5PA1sYU6BQ3yvTvV0ipUYpTjYh5rSvHUHcZEvDMNxx9-14SgDyYfRtJqmg_uu0r0D9tEZzj_YIKLQh5mPdxRmsYeE_NCCrM7R=s0-w100-h100-dcNVKEcdkiRSoC,,
30,Will Martin: State Must Step Up Now To Help Families Afford Housing,bookmark_border,Jul 20,,news.google.com/./articles/CBMiX2h0dHBzOi8vZHJ5ZGVud2lyZS5jb20vbmV3cy93aWxsLW1hcnRpbi1zdGF0ZS1tdXN0LXN0ZXAtdXAtbm93LXRvLWhlbHAtZmFtaWxpZXMtYWZmb3JkLWhvdXNpbmcv0gEA?hl=en-US&gl=US&ceid=US%3Aen,https://lh3.googleusercontent.com/proxy/R-6d55w09VPVtUQ_d5Etkz436428ZZl7iDrT6Psouw5rIIQvzt3uLNCp4L79fFxbX1jk-QGBV5Ft5_EXdPWsG-fSbnT8KOjL0c9jjA9kj-CAtwG227Ft4cDOtfkiQ7DKz0dJKFaRSIfoGU8gyg=s0-w100-h100-dcpSWOzR0H,,
31,"Madison needs more housing, not a stale debate over F-35s",Opinion,Aug 21,,news.google.com/./articles/CBMikAFodHRwczovL21hZGlzb24uY29tL29waW5pb24vZWRpdG9yaWFsL21hZGlzb24tbmVlZHMtbW9yZS1ob3VzaW5nLW5vdC1hLXN0YWxlLWRlYmF0ZS1vdmVyLWYtMzVzL2FydGljbGVfYWE5NTkyZWYtM2QxNy01ZDc1LWFjMTAtMzc2ZmJjNDQwZDk0Lmh0bWzSAQA?hl=en-US&gl=US&ceid=US%3Aen,https://lh3.googleusercontent.com/proxy/DlttxqOKKbZZtuE5YNhxTa8cGLULiUFDwskSr1mR1EoYO8Xz-pLV9T-B1enFafxfeNDa1Cj0fDQc7PfVx0prE-_3yWN8qOthDCMNtGJnihnPeb7s8ztsgZHyIYSzH1cpbApgMBLJUiGmsoMo1PtocyP8weXS4VJUcPbvcJnsnyDCxJWyEOl_jXlYFjobE8oAMhMYdO-OG-Y4I3wsRqYpbkUshyggm1j1wt4S1BnPV4ZlfIoOhMW0LWA4QddCksXvEVzyNJt9MO5E=s0-w100-h100-dcASCcRZoJ,,
32,"Current District 8 Alder, legislative assistant to run for District 2 Alder",bookmark_border,Yesterday,2022-12-01 19:51:57.051824,news.google.com/./articles/CBMicmh0dHBzOi8vd3d3LmRhaWx5Y2FyZGluYWwuY29tL2FydGljbGUvMjAyMi8xMi9jdXJyZW50LWRpc3RyaWN0LTgtYWxkZXItbGVnYWwtYXNzaXN0YW50LXRvLXJ1bi1mb3ItZGlzdHJpY3QtMi1hbGRlctIBAA?hl=en-US&gl=US&ceid=US%3Aen,https://lh3.googleusercontent.com/proxy/u2NeQZEydM4Deax__Bmk2cB1SMmcJaIXFeQZ4TBBL4ecquwmyncKcDXVJAa5xnGLjMLRuM9vJxrO42zhOpA-FmhF_HqF3pMHwncK7mj3TYxLV6joGvKabpr5T85if9-Eifc7SOYxlf-zIABHB1ttLCo7QNQXPcsTxdR9=s0-w100-h100-dcjUKepqIpRYcC,,
33,Northeast Wisconsin's Critical Shortage Of Affordable Housing Has Deep Roots,bookmark_border,"Jun 12, 2021",2021-06-12 00:00:00.000000,news.google.com/./articles/CBMiXGh0dHBzOi8vd3d3Lndwci5vcmcvbm9ydGhlYXN0LXdpc2NvbnNpbnMtY3JpdGljYWwtc2hvcnRhZ2UtYWZmb3JkYWJsZS1ob3VzaW5nLWhhcy1kZWVwLXJvb3Rz0gEA?hl=en-US&gl=US&ceid=US%3Aen,https://lh3.googleusercontent.com/proxy/u-LSflJCpHNbkKXv20MRCuWBVrRigvc1OxDSFHROOT_JTaRniqG1_aDTnPvshuLlCVbUva3EVyEEnTsyTDiDXy9791fGdPMfo4I5v9IvMkY9IuXbf2Mvqs53EJBIUzOM=s0-w100-h100-dcmaCKCr4F,,
34,Wisconsin groups offer new 'cookbook' to spur affordable housing development. Here's the recipe.,bookmark_border,Mar 5,,news.google.com/./articles/CBMiaGh0dHBzOi8vd3d3Lndwci5vcmcvd2lzY29uc2luLWdyb3Vwcy1vZmZlci1uZXctY29va2Jvb2stc3B1ci1hZmZvcmRhYmxlLWhvdXNpbmctZGV2ZWxvcG1lbnQtaGVyZXMtcmVjaXBl0gEA?hl=en-US&gl=US&ceid=US%3Aen,https://lh3.googleusercontent.com/proxy/kjahrCZpKryvZ8OaB5rwIrY_4MJBomIFWTlHqOFC-VLPRU4L2LQtAB3O-hw-Y82jhhMpwbY6u2q4_o1_n3DcILmFyogWSDkbkgDy4DjCQcRLzCSZUEmbyw=s0-w100-h100-dcAeCEl1AD,,
35,'Housing First' cut homelessness in Milwaukee — can it work across Wisconsin?,bookmark_border,Jun 8,,news.google.com/./articles/CBMibGh0dHBzOi8vcGJzd2lzY29uc2luLm9yZy9uZXdzLWl0ZW0vaG91c2luZy1maXJzdC1jdXQtaG9tZWxlc3NuZXNzLWluLW1pbHdhdWtlZS1jYW4taXQtd29yay1hY3Jvc3Mtd2lzY29uc2luL9IBAA?hl=en-US&gl=US&ceid=US%3Aen,https://lh3.googleusercontent.com/proxy/om9bcvDHmHRYMoJnIUYGNpxtnU5eZTCXSQ-AnVyBrCBBk1-swEq_-FfsjJCogXCmkrjQPKPy-wjrVe-uekWSi2uepicCiz6VSSj1C1dkjDDB_h7qEnZf8JnZxXCV7tAEVfwG_JbD2OG6xPAEnRzQhF0CyMScGzPIZIyNSGLmsg5L3JrlV-6t-3tEVzZYahCHpxo3fA=s0-w100-h100-dcGUOOqjEG,,
36,"As short-term vacation rentals boom, Northwoods housing shortage becomes ""more and more of a crisis""",bookmark_border,Jan 3,,news.google.com/./articles/CBMidGh0dHBzOi8vd3d3Lnd4cHIub3JnL2J1c2luZXNzLWVjb25vbWljcy8yMDIyLTAxLTAzL25vcnRod29vZHMtaG91c2luZy1zaG9ydGFnZS1pcy1iZWNvbWluZy1tb3JlLWFuZC1tb3JlLW9mLWEtY3Jpc2lz0gEA?hl=en-US&gl=US&ceid=US%3Aen,https://lh3.googleusercontent.com/proxy/bnhOb-b9NDuRjmCc1FUx64Dn2sdKPTAE00z6wve43_RrSs9RbsLLZbhTL8LFUU7nCXKrFfvKMpgcbyqTTFmD6cG--PlyRSMfHUk-5gIAgDdvgS4kyuiHwIOSCID48K6gm-BnXvS44UFLa9OCzeEWzQBrl0m80Q=s0-w100-h100-dcLWSUby0H,,
37,Cost of living: Market forces and low wages combine to create big gaps in affordable housing in Wisconsin,bookmark_border,"Jun 7, 2021",2021-06-07 00:00:00.000000,news.google.com/./articles/CBMingFodHRwczovL3d3dy5ncmVlbmJheXByZXNzZ2F6ZXR0ZS5jb20vaW4tZGVwdGgvbmV3cy8yMDIxLzA2LzA3L2Nvc3QtbGl2aW5nLW1hcmtldC1mb3JjZXMtd2FnZXMtY29tYmluZS1jcmVhdGUtYmlnLWdhcHMtYWZmb3JkYWJsZS1ob3VzaW5nLXdpc2NvbnNpbi83MzU3NTk0MDAyL9IBAA?hl=en-US&gl=US&ceid=US%3Aen,https://lh3.googleusercontent.com/proxy/DqDb1WcTpwMsGWmy6OBzUvUlAGPbMgRKlbOdZcuHL0GOiroBUJuwy_z1BqCeEQuceuek64jQc_BrTwoYE10Vn1inHqvV5NShDrO2jUpeMN9cdXc6te8xfP0b0W786NFNZ5pKe-Ahv4ED7mkW8SbZozRLZaOLrXeT3Ftrpz7-nOQPo0c7leCvJqdTm9tc4OZ9lBc90oGQgQnAM9nYGZoq7dKpRnXdR3y6ZnAH8_cz=s0-w100-h100-dcmaCKCroF,,
38,Houses were once plentiful across the U.S. Now half of cities don't have enough homes.,bookmark_border,Jul 22,,news.google.com/./articles/CBMiQWh0dHBzOi8vd3d3LmNic25ld3MuY29tL25ld3MvcmVhbC1lc3RhdGUtaG91c2luZy1zaG9ydGFnZS1jcmlzaXMv0gFFaHR0cHM6Ly93d3cuY2JzbmV3cy5jb20vYW1wL25ld3MvcmVhbC1lc3RhdGUtaG91c2luZy1zaG9ydGFnZS1jcmlzaXMv?hl=en-US&gl=US&ceid=US%3Aen,https://lh3.googleusercontent.com/proxy/1vVhvV0vwVP90GZOlmU5sPyZyy3vE2LI7jt-aDghvv4UVv8kZ_Aq6RI-DCCWzrhKKZb2-DzxjCDDSCvLO1T7xIIcxIUmpEJpBuoK5-MGwPOC4soFg-uQwOETQI3FKdpjB0dD6Rf-GfHJjJyO59sAE0Ks-ISMttGbcJ-85AuY_2lo96KGduWDAUwl-MYQSOd2ZYuKJZSg2hwWpakZeAlSeNoGw9FVfQOMSnSS395J506516d6eL0yT4xuB08_UkZQB5QkQYv9V77kPQVCrWnR6AaGyH_-bz68l4ZQlC3n3ez8mxju3rtTHNPJ36u7_zado2f3soBMmqGjj8ONc3Xr-T2mXbyJmmC34_XBVfxIFrGsGBRnBEzojXl3Y7eH63kqY16cPKO4=s0-w100-h100-dcjdiEplID,,
39,Here's why it's so hard to buy an affordable home in northeast Wisconsin,bookmark_border,"Jun 23, 2021",2021-06-23 00:00:00.000000,news.google.com/./articles/CBMiZ2h0dHBzOi8vd2lzY29uc2lud2F0Y2gub3JnLzIwMjEvMDYvaGVyZXMtd2h5LWl0cy1zby1oYXJkLXRvLWJ1eS1hbi1hZmZvcmRhYmxlLWhvbWUtbm9ydGhlYXN0LXdpc2NvbnNpbi_SAQA?hl=en-US&gl=US&ceid=US%3Aen,https://lh3.googleusercontent.com/proxy/66zkoZV3Ee6bGvsA_wWvClsg8aQ83NiC3i12H-l7gNbKD5Jut_LI243Svo9Gz5unGvrFo-SiDMTpE6iNz2N7SgMU9mh-bjHBJvVb6z9cO377lRthQyVytsRtjgQs2Zcx7pFBgL1D--b5dVEkK3n3n8v__kR6nhe6Sw4INIA1drKAdg=s0-w100-h100-dcLXOKcCkI,,
40,Report: Many WI Renters Struggle to Meet Housing Costs,bookmark_border,May 8,,news.google.com/./articles/CBMiYGh0dHBzOi8vd3d3LnNlZWhhZmVybmV3cy5jb20vMjAyMi8wNS8wOC9yZXBvcnQtbWFueS13aS1yZW50ZXJzLXN0cnVnZ2xlLXRvLW1lZXQtaG91c2luZy1jb3N0cy0yL9IBAA?hl=en-US&gl=US&ceid=US%3Aen,https://lh3.googleusercontent.com/proxy/xbVCZ3Fuoup7F8ynEiTICbRejSB2I8Pr-HqAnkDvTpMYDG1xQlXzp-6nKeYQbIoES5Qz7KBEiBKsI7ZrEOruoS8RFlZq2ZVR8jJ0hQNd4rJGockd9BRhKbxHOZMeaz7u22kwIYR5e8WEZWeY8rVnvrFMCrUpX2ZUvRqhM6oGqpVu4gfz8cc=s0-w100-h100-dcgQKSDq0G,,
41,An affordable housing crisis: Afghan refugees in Madison,bookmark_border,"Nov 11, 2021",2021-11-11 00:00:00.000000,news.google.com/./articles/CBMiVGh0dHBzOi8vd3d3LmNoYW5uZWwzMDAwLmNvbS9hbi1hZmZvcmRhYmxlLWhvdXNpbmctY3Jpc2lzLWFmZ2hhbi1yZWZ1Z2Vlcy1pbi1tYWRpc29uL9IBAA?hl=en-US&gl=US&ceid=US%3Aen,https://lh3.googleusercontent.com/proxy/roH8SiQBAWxzz9fKgf04HLypf48fnl9jT7hXLWKn6dy_fz4P4aLc2GyFiPWQbJweoY8d_rv6x63hA3mh-5WQ9IDpeQ5OnjK6md-qUgZLiJtkLhFaZ7uu2MCy3ZaF62QCS2jcKZsCeKOg6ksR-qG6LOkXOcOumlPx2dTtHosJAzA6-r0Hw8BswrEexCuMJIsW_hG-4b7Zt57FKRg3J3aLYes=s0-w100-h100-dcAXCIs6gI,,
42,Affordable Housing—Wisconsin's Secret to the Labor Shortage,bookmark_border,Feb 23,,news.google.com/./articles/CBMiXGh0dHBzOi8vcmlwb25zb2NpZXR5Lm9yZy9hcnRpY2xlL2FmZm9yZGFibGUtaG91c2luZy13aXNjb25zaW5zLXNlY3JldC10by10aGUtbGFib3Itc2hvcnRhZ2Uv0gEA?hl=en-US&gl=US&ceid=US%3Aen,https://lh3.googleusercontent.com/proxy/bzyeaLspuxDKC9GARVc6wMXu_2LPD-Ubf7CIpAiGpVbZOf77RumD90es5XTxjIp43IRjs7TSL76vpirx_YE2IwVubCA0X_zvwLQ8_Qdyl8DCkQJ87SCr6VH1jdu4eWPQcy9Ukssh_edQWVK5=s0-w100-h100-dcKVWQrSUI,,
43,Worker and housing shortages hamper economic growth,bookmark_border,Aug 3,,news.google.com/./articles/CBMiXGh0dHBzOi8vd3d3LnN3bmV3czR1LmNvbS9sb2NhbC9idXNpbmVzcy93b3JrZXItYW5kLWhvdXNpbmctc2hvcnRhZ2VzLWhhbXBlci1lY29ub21pYy1ncm93dGgv0gEA?hl=en-US&gl=US&ceid=US%3Aen,https://lh3.googleusercontent.com/proxy/aPM-eipuNT3EnGEWvS-2-NCXa5t-hlCGlM6_zsviveMCdPzRK4Tv1cMM9_jK9wpa1Ly_1vcFcSND0uWEH_aRzjBGk3ljSgKpWQKja13CGQ8I5-POPy6ZSOuhsJczgBmoMXh-4J2FEZusNy4MZONqtvuCsjIM1h-tjiQ=s0-w100-h100-dcATCApSCoodAB,,
44,Affordable housing shortage in Marathon County comes up in committee discussion,bookmark_border,Jul 8,,news.google.com/./articles/CBMifGh0dHBzOi8vd2F1c2F1cGlsb3RhbmRyZXZpZXcuY29tLzIwMjIvMDcvMDgvYWZmb3JkYWJsZS1ob3VzaW5nLXNob3J0YWdlLWluLW1hcmF0aG9uLWNvdW50eS1jb21lcy11cC1pbi1jb21taXR0ZWUtZGlzY3Vzc2lvbi_SAQA?hl=en-US&gl=US&ceid=US%3Aen,https://lh3.googleusercontent.com/proxy/OjcRQer2jm8FkaI1DKWdUX4A74KphOvZiLx-7FE2AAevfwrae35Y9LrhqlBGEdu9CxgqCaEPwfSd5z2vnfM3jMBO3DDLH0rO2ubpe2CSrKbdwmmG2PnIFI5vSrRCb9tbxv8ktlSK2kra8RZENpErMiPf9lnRnS0=s0-w100-h100-dcvQGW8wAN,,
45,Housing First: Homelessness and the need for a resource hub,bookmark_border,Oct 13,,news.google.com/./articles/CBMiXmh0dHBzOi8vd3JjaXR5dGltZXMuY29tLzIwMjIvMTAvMTMvaG91c2luZy1maXJzdC1ob21lbGVzc25lc3MtYW5kLXRoZS1uZWVkLWZvci1hLXJlc291cmNlLWh1Yi_SAQA?hl=en-US&gl=US&ceid=US%3Aen,https://lh3.googleusercontent.com/proxy/IWJlQfmYdLocIm5C7W7i2pKMa3TluVb0Jd77Z3WpuOQ9Y_Sf53s4vYc7e6CUYPuPrzgLXltN5dV508wQ0fM0Gb2DreSx1Cj8sxAhIVJtfprGtE2ZGwjDTaqu67moSbQWa_aeitpHwfDMgA=s0-w100-h100-dcmUWMSSIJ,,
46,The Rental Housing Crisis Is a Supply Problem That Needs Supply Solutions,bookmark_border,Aug 22,,news.google.com/./articles/CBMic2h0dHBzOi8vd3d3LmFtZXJpY2FucHJvZ3Jlc3Mub3JnL2FydGljbGUvdGhlLXJlbnRhbC1ob3VzaW5nLWNyaXNpcy1pcy1hLXN1cHBseS1wcm9ibGVtLXRoYXQtbmVlZHMtc3VwcGx5LXNvbHV0aW9ucy_SAQA?hl=en-US&gl=US&ceid=US%3Aen,https://lh3.googleusercontent.com/proxy/CktOyE8tRxgaDEixHrlsslMqnTSgYYOIEWeN8tqTceJ5kBQSmTlx09Lmx4AbVXXYaEVWfe9kPCIqo2I5YAhi3cDzXj-SWqkXjbNXMlw2iOpBctTev0sD2aXEYeFAPmmYmyjBor-ot8bNHgg_o-XmsoxbOuaKPO1V66n8=s0-w100-h100-dcOcGK88QE,,
47,Northwoods Motels Revived as Housing,bookmark_border,Jun 5,,news.google.com/./articles/CBMiUGh0dHBzOi8vd3d3LnBsYW5ldGl6ZW4uY29tL25ld3MvMjAyMi8wNi8xMTczNzUtbm9ydGh3b29kcy1tb3RlbHMtcmV2aXZlZC1ob3VzaW5n0gFUaHR0cHM6Ly93d3cucGxhbmV0aXplbi5jb20vbmV3cy8yMDIyLzA2LzExNzM3NS1ub3J0aHdvb2RzLW1vdGVscy1yZXZpdmVkLWhvdXNpbmc_YW1w?hl=en-US&gl=US&ceid=US%3Aen,https://lh3.googleusercontent.com/proxy/6YTwNDArRwUAtcig1zZ81rE4fsnd6LtzMKiLZW5vZUVaFLvTbL7IHOa_a1U8uVh4M_gdaSbL8L939Zmpuc3pOkFutS_ZCniEBSJY2SUnylu3a4muWid6qIOb3S6YQA=s0-w100-h100-dcjVKAamEB,,
48,"House surfing and living in abandoned buildings, Wisconsin's rural homeless population is underserved",bookmark_border,Sep 27,,news.google.com/./articles/CBMicWh0dHBzOi8vd3d3Lndwci5vcmcvaG91c2Utc3VyZmluZy1hbmQtbGl2aW5nLWFiYW5kb25lZC1idWlsZGluZ3Mtd2lzY29uc2lucy1ydXJhbC1ob21lbGVzcy1wb3B1bGF0aW9uLXVuZGVyc2VydmVk0gEA?hl=en-US&gl=US&ceid=US%3Aen,https://lh3.googleusercontent.com/proxy/6vp6YvsU6OQRSlBXSvwNQaaGiOxzLzJ7Fn5XuRJsE-rwv8aHA0rSWHLVijaVV2Zdnd7usuX0NDFhGDYOlmoHw4heuTiISjGaMQgWjuDRgNqJl6T0vA=s0-w100-h100-dcAVCAr0kF,,
49,Developing housing options in Chilton,bookmark_border,Feb 4,,news.google.com/./articles/CBMiQ2h0dHBzOi8vd3d3LndiYXkuY29tLzIwMjIvMDIvMDQvZGV2ZWxvcGluZy1ob3VzaW5nLW9wdGlvbnMtY2hpbHRvbi_SAVJodHRwczovL3d3dy53YmF5LmNvbS8yMDIyLzAyLzA0L2RldmVsb3BpbmctaG91c2luZy1vcHRpb25zLWNoaWx0b24vP291dHB1dFR5cGU9YW1w?hl=en-US&gl=US&ceid=US%3Aen,https://lh3.googleusercontent.com/proxy/HCITYwthK4Owba6msU38wGLw-bcO2v8AyISgGDShC-_H1s6oRSJ8HThvaA4SRqzaU9Kd1MBbuKhFtdoxqJuiXcG0IL7IeqJh5TTWCi8HioqErycO8zF9F1lbls-0Kzl21HMBTg2K7CfVaQvThzn-PEye5QpU54LGobKej6R87FhWFWowUa1NmvSTt44DzfrgR55_1qCQfmPyzKrnBOXM4SK8EtcXu9vbpafVZpVv_BoN92TSwd8KsA9SbKLpwRrqpNWfhwYcERmQSTYwpSGGbDUsPM1hwJQNDI8ZGctWj8_YRg=s0-w100-h100-dcATAY,,
50,"Record rent increases, low wages are driving an eviction crisis, U.S. Senate panel told",bookmark_border,Aug 3,,news.google.com/./articles/CBMifmh0dHBzOi8vd2lzY29uc2luZXhhbWluZXIuY29tLzIwMjIvMDgvMDMvcmVjb3JkLXJlbnQtaW5jcmVhc2VzLWxvdy13YWdlcy1hcmUtZHJpdmluZy1hbi1ldmljdGlvbi1jcmlzaXMtdS1zLXNlbmF0ZS1wYW5lbC10b2xkL9IBAA?hl=en-US&gl=US&ceid=US%3Aen,https://lh3.googleusercontent.com/proxy/eKAalYv61XKMunYPOF3DJBSb-YzdYlLLRd241uJ0a2CjxRlnC0aRgrrtXZvcFk8lfbtmMgzFwyr2kEa0ed8TkT6tqWdd_pwUUU0sE_OdT1vPsbMHaWi8JjL6zmYzcDwhIdXSOPVHn9oDvjS--YoQ9BUwog=s0-w100-h100-dcKRCGFbgjg~MC,,
51,Housing considered the foundation for health and well-being,bookmark_border,Sep 21,,news.google.com/./articles/CBMiiAFodHRwczovL3d3dy5qc29ubGluZS5jb20vaW4tZGVwdGgvbW9uZXkvYnVzaW5lc3MvaGVhbHRoLWNhcmUvMjAyMi8wOS8yMS9ob3VzaW5nLWNvbnNpZGVyZWQtZm91bmRhdGlvbi1oZWFsdGgtYW5kLXdlbGwtYmVpbmcvMTAwNTU1MzgwMDIv0gEA?hl=en-US&gl=US&ceid=US%3Aen,https://lh3.googleusercontent.com/proxy/wnV6yXc_25sEyZw_U-rG4BNaCoL8nU4nlQIffTNXB60jCV-LAD6t24gwLplPTE0NUj3HirCo-DjwpHeZYwNURTtQGTBrdQCcpSxXizysg2hcyqTJH4g_jCBofeWmMWB4jorhC4CFS_-2ow-t-bqFuaX7Xl2nC7S_0oqqxbY1eIswwDR3CgBY8rH8VLZpp9EHKyAf0Nj_-011SgHoUWEgtsSnRgawOWWaemWi-Gko_dc5nxd9Uepu5-zdQreZhauR2oLYbAA=s0-w100-h100-dcFTSQCp4I,,
52,WISCAP Kickstarts New Affordable Housing Action Network - WORT-FM 89.9,bookmark_border,Oct 10,,news.google.com/./articles/CBMiT2h0dHBzOi8vd3d3LndvcnRmbS5vcmcvd2lzY2FwLWtpY2tzdGFydHMtbmV3LWFmZm9yZGFibGUtaG91c2luZy1hY3Rpb24tbmV0d29yay_SAQA?hl=en-US&gl=US&ceid=US%3Aen,https://lh3.googleusercontent.com/proxy/JO7f7UtZUjXLLdhNEh5_XQ3Bv0KHdIKVrr5fzf8v2Vx7OWK3LDq7kig-ViuV3jTFPT4V-PvKtdOIefET72Xws_R7bkWlAfg5nwRMILGhnyKZs-s7nSV9cqsfxXhzv9b8eGLcZLBdgE-C2SMB3w=s0-w100-h100-dckVKKaSkE,,
53,Racial disparities in homeownership a statewide problem in Wisconsin,bookmark_border,Apr 6,,news.google.com/./articles/CBMigQFodHRwczovL3d3dy5qc29ubGluZS5jb20vc3RvcnkvbmV3cy9zb2x1dGlvbnMvMjAyMi8wNC8wNi9yYWNpYWwtZGlzcGFyaXRpZXMtaG9tZW93bmVyc2hpcC1zdGF0ZXdpZGUtcHJvYmxlbS13aXNjb25zaW4vOTQ2MzE1NjAwMi_SAQA?hl=en-US&gl=US&ceid=US%3Aen,https://lh3.googleusercontent.com/proxy/80o1ucNO5OdbupseTKeA27h139MSmDuqzK-xWEv2-ukILrU0z676plqxZCBag_bo1jipFVNNyCsmoDdEkFRHo0-AxHEjMdNztiE3lZoxmgmZTbjMrW33k_hCTpvR863Ccz9C9KaFg3K_aGy4eg3hAcmrg1qX9jB4gDqeyobkDUa4NBXA4ru3f-l4a-HtMP4UxW3xfLatwdbyue68f3GmyHsjHoplB5T6TI8aUKNhabyMpinsK9w3FP5CnSv9XuoW0hlPkq839iUaxe1o8cYKU37bA9TWWYILseBDs8_jMA=s0-w100-h100-dcAYCCi6xjqXNYCaqCfQ0,,
54,"Amid Housing Crisis, Employers Become Landlords",bookmark_border,Mar 16,,news.google.com/./articles/CBMiYWh0dHBzOi8vd3d3LmJsb29tYmVyZy5jb20vbmV3cy9hcnRpY2xlcy8yMDIyLTAzLTE2L2FtaWQtaG91c2luZy1jcmlzaXMtZW1wbG95ZXJzLWJlY29tZS1sYW5kbG9yZHPSAQA?hl=en-US&gl=US&ceid=US%3Aen,https://lh3.googleusercontent.com/proxy/0Dlri8n5R4BzVR_ikI58yrLfEHIZ6Ux7gxdQzHbn4uZFP5w_4KNmNeIOvpdoF21FlyFmeZodBZZ823r_7otmDWpaJ2gl_ajOIGjHO12RIgtnMP6gjUp1jRn6vE_hpufM3-hDZLQ=s0-w100-h100-dcAXCKQMMD,,
55,UW-Madison's history of housing shortages and displacement,bookmark_border,"Nov 18, 2021",2021-11-18 00:00:00.000000,news.google.com/./articles/CBMiZ2h0dHBzOi8vd3d3LmRhaWx5Y2FyZGluYWwuY29tL2FydGljbGUvMjAyMS8xMS91dy1tYWRpc29ucy1oaXN0b3J5LW9mLWhvdXNpbmctc2hvcnRhZ2VzLWFuZC1kaXNwbGFjZW1lbnTSAQA?hl=en-US&gl=US&ceid=US%3Aen,https://lh3.googleusercontent.com/proxy/VgAtCZV0JeSJ-iyZvZW3A3ywDnhxOTNzhCHP1zJu3WEAhCLdtXHZQEX6_1RXj2Fnut5zeK4O09-8BYaNI-X_NLnSPI04gEFKGevwb0edQ2pfrsy1ZfRuH6ZhN5vOismoJkiopl69G5ggAOxRbZdlJA8Uo-t_jlXF5dIZ14nKTh4nUVyzhWo8R543COX3JNHSuVKo1ToST-Na621T4E_p-kSS-alc43JnzMSQTT0SBQ=s0-w100-h100-dcgYGCokYD,,
56,Wisconsin Millennials have to get creative to buy a home this year,bookmark_border,Jun 2,,news.google.com/./articles/CBMiemh0dHBzOi8vd3d3LnBvc3RjcmVzY2VudC5jb20vc3RvcnkvbW9uZXkvMjAyMi8wNi8wMi93aXNjb25zaW4tbWlsbGVubmlhbHMtaGF2ZS1nZXQtY3JlYXRpdmUtYnV5LWhvbWUtdGhpcy15ZWFyLzk2MTY2ODUwMDIv0gEA?hl=en-US&gl=US&ceid=US%3Aen,https://lh3.googleusercontent.com/proxy/LV8MjE3YvCFK0rc1PkzMenUj-4JSC11fBld8XnCFSbdRy_4-bPyyvgJz_C04TU8I43qJki5CvieSm5buuJ5sB0E1X5HcpJSzOwzxBupfwFeCDBbhEjuM2K2tAzWPw0i1C_Nfog63fdeJoENxXYn54oE_VrkbA64C81zJFKywqlscMHKe-KY=s0-w100-h100-dcJWKQzCkH,,
57,"In New York City, housing supply continues to fail to meet demand",bookmark_border,Oct 10,,news.google.com/./articles/CBMiW2h0dHBzOi8vd3d3Lm55MS5jb20vbnljL2FsbC1ib3JvdWdocy9ob3VzaW5nLzIwMjIvMTAvMDcvbmV3LXlvcmstY2l0eS1ob3VzaW5nLXN1cHBseS1kZW1hbmTSAQA?hl=en-US&gl=US&ceid=US%3Aen,https://lh3.googleusercontent.com/proxy/lgDALw7isgVi3pKwHGeRzer6rPbXj_VnfAwq_0AjQG8QYtTGca4kCL1E1e0dQbpCFevFXnMsNQIRvsb7Xvej_wMKALN0VboIdithRYMKRqAWg8Su5335W3VUsTMwRPTLkOE=s0-w100-h100-dcARCCoZjjS0UD,,
58,"It looks a lot like a housing bubble—how your local housing market compares to 2007, as told by 4 interactive charts",bookmark_border,Jun 20,,news.google.com/./articles/CBMiemh0dHBzOi8vZm9ydHVuZS5jb20vMjAyMi8wNi8yMC9ob3VzaW5nLW1hcmtldC1pbi0yMDIyLWxvb2tzLXNpbWlsYXItdG8tdGhlLTIwMDgtaG91c2luZy1idWJibGUtaG91c2luZy1jaGFydHMtaG9tZS1wcmljZXMv0gEA?hl=en-US&gl=US&ceid=US%3Aen,https://lh3.googleusercontent.com/proxy/SeF-cRUrGjCgnyYqAGFSTPpsBLRAugGB-PFnn8xsh_N_l8So3g7rGgjZ8wFvNoqCT9zcdXGXmwCAoE6OX3g2UIdzL1vlkx2SoK-kpC26UrGCga-ZZipzNSvjvQwNysteumnravsrgvzS1ygIg1SOGfuapBbbH9HC9myXOyIZyapXeyR9LJsrlGJHxfsMRdbfADdni9as0FNEOH1Yy1TCVLfHziD8HLxDIOhIoTJ6oEubNko2572PF3MyK5ibr8Iu_N2Db3N4ZvOdCkih=s0-w100-h100-dciQKQJzEG,,
59,"Interest rates, cost of homes in Green Bay, Appleton may be too much for buyers",bookmark_border,Jul 5,,news.google.com/./articles/CBMimwFodHRwczovL3d3dy5ncmVlbmJheXByZXNzZ2F6ZXR0ZS5jb20vc3RvcnkvbW9uZXkvMjAyMi8wNy8wNS9jb3N0LWhvbWVzLXNhbGUtZ3JlZW4tYmF5LWFwcGxldG9uLW9zaGtvc2gtZm9uZC1kdS1sYWMtaW5jcmVhc2UtaW50ZXJlc3QtcmF0ZS1oaWtlcy83Njk4OTI0MDAxL9IBAA?hl=en-US&gl=US&ceid=US%3Aen,https://lh3.googleusercontent.com/proxy/mcS3EbipjCu4kR5tpw5_YSJqQZzbbx9QFhuIZUOA1s2D_nk11Qk8zcUurWC_Wi0_EqrZW4so23meVLaEPV6UrnY0zv5TMeWyolGgkxpkE4AxzxajL1DywB2v2XQc1pUa7nPlSrWHk6kfTy2s_BoW5fC7f_CsFI17qWNjnUei9o64N76tUIA=s0-w100-h100-dcxTCatZwI,,
60,Rhodes-Conway talks 'unhealthy housing market' and solutions,bookmark_border,Oct 30,,news.google.com/./articles/CBMikQFodHRwczovL2NhcHRpbWVzLmNvbS9uZXdzL2dvdmVybm1lbnQvcmhvZGVzLWNvbndheS10YWxrcy11bmhlYWx0aHktaG91c2luZy1tYXJrZXQtYW5kLXNvbHV0aW9ucy9hcnRpY2xlX2ViY2RlMzExLTg1NDctNTYyYS05NDA4LWU0NjZkOTUyM2E2NC5odG1s0gEA?hl=en-US&gl=US&ceid=US%3Aen,https://lh3.googleusercontent.com/proxy/owRtLfn1q9UXs212OG1dzpLNm4F9r8jPhdBzM3ziVU_q_oYaBU6KawdiZn4ZZ64RjJGbg-Ntha2jnpPcmrNzuIVaDX40RZjdQFTeqZtE96_6kuYO2MNLybuYSzpkdpLUu5FXykioTyXG5u-teEGZsQV4YcjmtmnuvsBvBqYp1olHdteaDaA3BG8lnOxb-HiF4-GiZxDcUiQndkAbPqWd6aC4J7cgexq3YoXjBITAs_AhEv99OQvza-0=s0-w100-h100-dcnVGAy9wB,,
61,Sheboygan affordable housing shortage: Share your story with the Press,bookmark_border,Jul 11,,news.google.com/./articles/CBMifmh0dHBzOi8vd3d3LnNoZWJveWdhbnByZXNzLmNvbS9zdG9yeS9tb25leS8yMDIyLzA3LzExL3NoZWJveWdhbi1hZmZvcmRhYmxlLWhvdXNpbmctc2hvcnRhZ2Utc2hhcmUteW91ci1zdG9yeS1wcmVzcy83ODE0ODY1MDAxL9IBAA?hl=en-US&gl=US&ceid=US%3Aen,https://lh3.googleusercontent.com/proxy/bRGoCgQn1Kj_ztoKkO1XbHE4HezT_MYsC2Ry9gjc8DX2wsUboIDoR9d2HRZBTBFD_N8jegW-EJjkeTSipFX-h7gnZ-sgIHzr-a1ROedvFcfR5Eh4UxFY1jzAaLxGc4Iv7sgVFOZKv6IljBdTPImJWZTca8u_FkNqbmOFgW4lxsrfyTGEpn7R8Ne1Q5ixKv5a7tWVt1Zwqn6H5w=s0-w100-h100-dcgVOCYEFiYgkKLg8,,
62,CBJ's Fast 50 Awards: Private companies with rapid revenue growth - Charlotte Business Journal,bookmark_border,8 hours ago,2022-12-02 11:51:57.066981,news.google.com/./articles/CBMibWh0dHBzOi8vd3d3LmJpempvdXJuYWxzLmNvbS9jaGFybG90dGUvbmV3cy8yMDIyLzEyLzAyL2Niai1mYXN0LTUwLWF3YXJkcy1yYW5raW5nLWdyb3dpbmctcHJpdmF0ZS1jb21wYW5pLmh0bWzSAQA?hl=en-US&gl=US&ceid=US%3Aen,https://lh3.googleusercontent.com/proxy/EUT4dgt0wPNJsnWcxY6PnYsmuPZ_KnyS2x5mEYGnT3kgwe5f_7NmWJIaHp7KIekOAXnV1Tv0feRJtMuSwO8wf2X4bLf7bHTZveRom5g_qMmgzTal6Saxxx2RPez5d04KrnvNfrmrLus=s0-w100-h100-dcgRigo5YK,,
63,"As rent prices rise in Wisconsin's competitive housing market, refugees are losing out",bookmark_border,Oct 6,,news.google.com/./articles/CBMigAFodHRwczovL3d3dy5qc29ubGluZS5jb20vc3RvcnkvbmV3cy9sb2NhbC8yMDIyLzEwLzA2L3dpc2NvbnNpbnMtY29tcGV0aXRpdmUtcmVudGFsLW1hcmtldC1tZWFucy1yZWZ1Z2Vlcy1sb3Npbmctb3V0LzEwMzY2NTIyMDAyL9IBAA?hl=en-US&gl=US&ceid=US%3Aen,https://lh3.googleusercontent.com/proxy/ZKbVpC3z6HO7rvT3IGEAzqd2KHLH6gygbe7Z5QXVEvUmOEyRaGcoDi_1wPAvpkCaj0wgL8zwLT7cwtQSqnGmMC7Ozdcj5Nv9j6L6f9bG0fxDHUISoD4Nf3sRtMT_OgO3D4ZrvNe8o32TDMfTwSCH6ECYd3LFspIcZXv7jfpp52pGgtXzhB1fnjheIyQ7DNI=s0-w100-h100-dckUWQh5oJ,,
64,La Crosse mayor: Community faces challenges 'well beyond funding' in caring for rising homeless population,bookmark_border,Oct 3,,news.google.com/./articles/CBMidGh0dHBzOi8vd3d3Lndwci5vcmcvbGEtY3Jvc3NlLW1heW9yLWNvbW11bml0eS1mYWNlcy1jaGFsbGVuZ2VzLXdlbGwtYmV5b25kLWZ1bmRpbmctY2FyaW5nLXJpc2luZy1ob21lbGVzcy1wb3B1bGF0aW9u0gEA?hl=en-US&gl=US&ceid=US%3Aen,https://lh3.googleusercontent.com/proxy/-mvfEBYtBI_ip4nimc5G_2SaHJbJAvpbBYt4R7n570riR34EieVvf7VRijFgcebdRL61TfiA1cZE2K1DIahgb1Ov2VhcvDPefDih_TfJCqRwq_uZV1VN3g=s0-w100-h100-dcAfCKi8wE,,
65,Housing inventory hits record low,bookmark_border,Jan 21,,news.google.com/./articles/CBMiQmh0dHBzOi8vd3d3LndiYXkuY29tLzIwMjIvMDEvMjEvaG91c2luZy1pbnZlbnRvcnktaGl0cy1yZWNvcmQtbG93L9IBUWh0dHBzOi8vd3d3LndiYXkuY29tLzIwMjIvMDEvMjEvaG91c2luZy1pbnZlbnRvcnktaGl0cy1yZWNvcmQtbG93Lz9vdXRwdXRUeXBlPWFtcA?hl=en-US&gl=US&ceid=US%3Aen,https://lh3.googleusercontent.com/proxy/4h1PJ8NV2ncm-Pouw2IxZpBrnWgHSJA3tGg3e1vqh0DNPWsmlzUY_7Nk4ug8Qka_2fB7wzPef_XsF3g91g8lVh8LFvA9R431bqMkC4Ln-XE4r1uh5QU90Pu2sOvkWpXQSyv47DCw4YNkb1fz_arPSGgX9SGMzT444BjC6We_jeqHCw2ek6anZ3Q_YCLygO8chNLIN5scVepOUHkg92dIpnOPwVTMNGLa7KNBkS-RXkQQkHhzs4XMZ25C_FXwGfnl6LhGLHlkRoLySXsQjtLsraIsZN1z65eAScLKngoGxORIfw=s0-w100-h100-dcAcAM,,
66,Growing up: Madison's decade of rapid growth,bookmark_border,Feb 14,,news.google.com/./articles/CBMiSmh0dHBzOi8vd3d3LmNoYW5uZWwzMDAwLmNvbS9ncm93aW5nLXBhaW5zLW1hZGlzb25zLWRlY2FkZS1vZi1yYXBpZC1ncm93dGgv0gEA?hl=en-US&gl=US&ceid=US%3Aen,https://lh3.googleusercontent.com/proxy/JcwfA6M9m2e5lrXxXrHsADaIIwxlYm83knjQ3zlUlTImHmnwARIrdcoSPi5rThoXUZVpVBFouLQujDhtlcLk3xTkwjT4wsfXfK0MzPeA1oFNJg26cvk0OgHqsjy5PeiNJ4JTEHHdut6xJen1eZO-xZf8hfz-Wg5vNM9pkueXZsTuewT7z6wxnBTNApc=s0-w100-h100-dcAWCGhLQD,,
67,October 2022 Editor's Letter: The Housing Crisis Continues,bookmark_border,Oct 24,,news.google.com/./articles/CBMia2h0dHBzOi8vd3d3LmFyY2hpdGVjdHVyYWxyZWNvcmQuY29tL2FydGljbGVzLzE1ODY4LW9jdG9iZXItMjAyMi1lZGl0b3JzLWxldHRlci10aGUtaG91c2luZy1jcmlzaXMtY29udGludWVz0gEA?hl=en-US&gl=US&ceid=US%3Aen,https://lh3.googleusercontent.com/proxy/yMKZsAHJ9W0TexX0fQJ6A2V3tuY_bhy_X0uB_c0cwtOaLWECoM1_gAkrQ-n7Aei8Uj6gRTnkXpqCQpNfiDsae982xQeg9RvedjxHpGW01wcrkRe_rbsDd7W2S-MpyC1XQMNAcDYF0Z0tRM1LRFDz5chZlDxCfRzEYXBJypPRiw=s0-w100-h100-dcAQCCIhVmTPUIPJI,,
68,"Ready, willing, but not able",bookmark_border,Sep 2,,news.google.com/./articles/CBMiQGh0dHBzOi8vaXN0aG11cy5jb20vbmV3cy9jb3Zlci1zdG9yeS9yZWFkeS13aWxsaW5nLWJ1dC1ub3QtYWJsZS_SAQA?hl=en-US&gl=US&ceid=US%3Aen,https://lh3.googleusercontent.com/proxy/cOHOScirXPt64EwWpoGA-8lmQHvmqAi4ZaYPIUZPOzCDqSI-xcpHaRlA1HEo26DPsHhixtVZCuEm4qG8YCbtM3kU9yrfBObbMSmudiOL65gC6pn2QWsLswwlrAC5mTZAGyH1i-joLLGZJANHxU0Ti2qzMIKV0Eh939kL2O8XXUBAGn4lWHSgStmhv6sry9VwTrlsPh_8GJYLV0Z1_pcnloknlYRLXxQQwRwnEWjE=s0-w100-h100-dcpQOU7CHnTCID,,
69,Demand far outpacing supply in Milwaukee area housing market in 2022,bookmark_border,Mar 18,,news.google.com/./articles/CBMiggFodHRwczovL3d3dy5qc29ubGluZS5jb20vc3RvcnkvbW9uZXkvYnVzaW5lc3MvMjAyMi8wMy8xOC9taWx3YXVrZWUtcmVhbC1lc3RhdGUtbGlzdGluZ3MtMjAyMi1hcmUtc2Vjb25kLWxvd2VzdC1jZW50dXJ5LzcwNTk2NjQwMDEv0gEA?hl=en-US&gl=US&ceid=US%3Aen,https://lh3.googleusercontent.com/proxy/INwHBl5a2PMTuWDvoE_E3e5betChpnItKe865VBa8NjdM-luJcHrbOrBlCr76U77DPnTSO2dIrprdMoJOV6sieAG1UUp1Jr-erLetFfx-Yx3xEUlHjWgQBEzWeSJ4M6XZah0wvoNLNswG31kTEShoYnhOLwFi0ls5AlgYFU_3KkUCCNP8llw5lNNqw11d5C20EjLnygtSgmrPr_uop6Vq_TqG0ezoOLcsV-h=s0-w100-h100-dcAQCAE9Wh2AQD,,
70,Milwaukee County supervisors split on community participation in addressing housing crisis,bookmark_border,Jun 29,,news.google.com/./articles/CBMif2h0dHBzOi8vbWlsd2F1a2Vlbm5zLm9yZy8yMDIyLzA2LzI5L21pbHdhdWtlZS1jb3VudHktc3VwZXJ2aXNvcnMtc3BsaXQtb24tY29tbXVuaXR5LXBhcnRpY2lwYXRpb24taW4tYWRkcmVzc2luZy1ob3VzaW5nLWNyaXNpcy_SAQA?hl=en-US&gl=US&ceid=US%3Aen,https://lh3.googleusercontent.com/proxy/P6a9Ubc7gLpltSO0xhtSKDUSpVlyBYnVzAvhQ-71ChHaiqi01J6LdTT4SqPCUr907GqeysGpT6kCEIQ1Oxq95rORoWprUDDbNWwqC8WiTmtt-_tVfCGmzAHU9zcIZZFXEr1Dva1ZdNIqsyk=s0-w100-h100-dcAWCO7LUG,,
71,Milwaukee Sees Steep Decline In Homes Owned By City Residents Since Great Recession,bookmark_border,"Feb 4, 2020",2020-02-04 00:00:00.000000,news.google.com/./articles/CBMikAFodHRwczovL3d3dy53dXdtLmNvbS9wb2RjYXN0L2xha2UtZWZmZWN0LXNlZ21lbnRzLzIwMjAtMDItMDQvbWlsd2F1a2VlLXNlZXMtc3RlZXAtZGVjbGluZS1pbi1ob21lcy1vd25lZC1ieS1jaXR5LXJlc2lkZW50cy1zaW5jZS1ncmVhdC1yZWNlc3Npb27SAQA?hl=en-US&gl=US&ceid=US%3Aen,https://lh3.googleusercontent.com/proxy/VpxemefLcOTPD-VuMw2FlW9fR2t4PkFrtYIk_9Q770lIVOpkIJCPtljO7pa5z7Pw5odrzV8zFNU21WjL5ZJ5FdS_K5gIXxOY77HBzfwHDL8xIHUIQ9oZtZmx0MPihaiywP4KMCVxc-ZigsNbU9d7Ng=s0-w100-h100-dcAeAA,,
72,College students struggle to find affordable housing amid inflation,Opinion,Sep 22,,news.google.com/./articles/CBMicGh0dHBzOi8vYmFkZ2VyaGVyYWxkLmNvbS9vcGluaW9uLzIwMjIvMDkvMjIvY29sbGVnZS1zdHVkZW50cy1zdHJ1Z2dsZS10by1maW5kLWFmZm9yZGFibGUtaG91c2luZy1hbWlkLWluZmxhdGlvbi_SAQA?hl=en-US&gl=US&ceid=US%3Aen,https://lh3.googleusercontent.com/proxy/vDsUqD0grVlfAmiegHXpxhh_UnlAoPTs6Nb3Bs7IJHS-X7xY3yhvm6Jf9Kdo5fF2Ls2-Edes7axZNrFpW1aSoO67yw0KeYTv4WWYUn_oWPz48iyFycYnLMZQUjOpeXSmcHvAx5JmTAJbT7W0rgLFgLs3fksy9gA_q4kdVUS-4g=s0-w100-h100-dcAXAA,,
73,How Press-Gazette and Post-Crescent reported affordable housing crisis,bookmark_border,"Nov 1, 2021",2021-11-01 00:00:00.000000,news.google.com/./articles/CBMijQFodHRwczovL3d3dy5ncmVlbmJheXByZXNzZ2F6ZXR0ZS5jb20vc3RvcnkvbmV3cy8yMDIxLzExLzAxL2hvdy1wcmVzcy1nYXpldHRlLWFuZC1wb3N0LWNyZXNjZW50LXJlcG9ydGVkLWFmZm9yZGFibGUtaG91c2luZy1jcmlzaXMvNjE4MDgzODAwMS_SAQA?hl=en-US&gl=US&ceid=US%3Aen,https://lh3.googleusercontent.com/proxy/QWzZ3avXSd-gGy8ZptvXEftjTcVEmWNofge4ZROccxwyocJYP2NsCztkrtl2PQayXedO5rmU77BUraqmPV7AiPJYAfhNZiug38dwBymefGIspwsd6mRFWDZ4rtWwcKaSIf2C4jCpk8FqSTH2aTdPMwV0Ycmx1zRHocNagimLzVKv8fWbUp6jn4M6omU2HSlgiKM5GRghyPAkx64wQutP8FRPLEhJcXJWL76_irztjMd-okBKLlbdQuCRd4Ucc8xaz_SvBnstZx2pkuqW0rzeL55AsAbsnE2cutxU=s0-w100-h100-dcoQSAbI1sg~oB,,
74,‘Sitting on a time bomb’: Mobile home residents at risk in red-hot housing market,bookmark_border,Apr 18,,news.google.com/./articles/CBMieGh0dHBzOi8vd2lzY29uc2luZXhhbWluZXIuY29tLzIwMjIvMDQvMTgvc2l0dGluZy1vbi1hLXRpbWUtYm9tYi1tb2JpbGUtaG9tZS1yZXNpZGVudHMtYXQtcmlzay1pbi1yZWQtaG90LWhvdXNpbmctbWFya2V0L9IBAA?hl=en-US&gl=US&ceid=US%3Aen,https://lh3.googleusercontent.com/proxy/EgK2mC3NnMmMFA_kR93rk122iOOd-b8gbB9tYlMx5mCjWXGTrT5lspOR47TDwlZrZ10lkbXf2GWm7YWOx0gsFkhjDaXroAC-AWb1OAYrnKb5fVd1OMA2Emc2NcZjK_-6yuleKZP1LYnDmQIqI-RgHZ3kULHH=s0-w100-h100-dcAZCIp7RlyVEB,,
75,Blog: Fair Housing Means Discriminatory Screening Practices Must End,bookmark_border,Apr 26,,news.google.com/./articles/CBMiY2h0dHBzOi8vd3d3LmFjbHUtd2kub3JnL2VuL25ld3MvYmxvZy1mYWlyLWhvdXNpbmctbWVhbnMtZGlzY3JpbWluYXRvcnktc2NyZWVuaW5nLXByYWN0aWNlcy1tdXN0LWVuZNIBAA?hl=en-US&gl=US&ceid=US%3Aen,https://lh3.googleusercontent.com/proxy/6Mb7CDvpQC0WwuZASfZWvjp_thtQajEmCapbYH0BFTRh3t-frzBRAasAWgN9T07p-yu3OXl81tY5ZmJAf66rC8xz5q2E0_yYBefTryI8mT_-53QxaJp9zPNY03pAeBWylPWV4-jhQYyMiQ4Ks3fDzMrpyH5kkzrToth-cmnBbmZjiTaBnnkMcReSbVMsu_kDohEw8aZCw3qsTqe5jXSSELOH=s0-w100-h100-dcCRSOqz0F,,
76,"$650,000 Homes in Georgia, Massachusetts and Wisconsin",bookmark_border,Aug 31,,news.google.com/./articles/CBMiYmh0dHBzOi8vd3d3Lm55dGltZXMuY29tLzIwMjIvMDgvMzEvcmVhbGVzdGF0ZS9ob21lLXByaWNlcy1nZW9yZ2lhLW1hc3NhY2h1c2V0dHMtYW5kLXdpc2NvbnNpbi5odG1s0gFmaHR0cHM6Ly93d3cubnl0aW1lcy5jb20vMjAyMi8wOC8zMS9yZWFsZXN0YXRlL2hvbWUtcHJpY2VzLWdlb3JnaWEtbWFzc2FjaHVzZXR0cy1hbmQtd2lzY29uc2luLmFtcC5odG1s?hl=en-US&gl=US&ceid=US%3Aen,https://lh3.googleusercontent.com/proxy/e9zyjnKy-vPmweotHXnjDkCveat0gwuBhtPJ64wjzEbw0N9qxiuPkv_PEhL7nmk1ZP2Q6QcpcRY_8mNGfiqDvnnLMP3-KQeeNUMbaAJpm3viKLmWXdJoEFrGgnk6Kk7qqE0KUxISzzA92hurvOJ-Fd8p2KVvQRK162nY5nVvuA=s0-w100-h100-dcJaEO,,
77,Cost of living: Wisconsin residents recount their struggles finding affordable housing.,bookmark_border,"Jun 8, 2021",2021-06-08 00:00:00.000000,news.google.com/./articles/CBMinAFodHRwczovL3d3dy5ncmVlbmJheXByZXNzZ2F6ZXR0ZS5jb20vaW4tZGVwdGgvbmV3cy8yMDIxLzA2LzA4L2Nvc3QtbGl2aW5nLXdpc2NvbnNpbi1yZXNpZGVudHMtcmVjb3VudC10aGVpci1zdHJ1Z2dsZXMtZmluZGluZy1hZmZvcmRhYmxlLWhvdXNpbmcvNTIwMTEyMjAwMS_SAQA?hl=en-US&gl=US&ceid=US%3Aen,https://lh3.googleusercontent.com/proxy/-XJmtvgMbGZ_lHgDaBC7p6G34l0uwVCYRORuILPMMTvJPFEgHPmA8yE9oJsw5BbvlGdilT03qhHcfja3Zr3VVCFU5Li8-iuMXVt5FGIEKznkg4FhZrgU53aKa1fMwTfeYuKuBuu_3Mnij3xsl3e07RdVt4EuZ5epT6pfXjuBuc9KlLN24l7I3RTZI05aAx7q3Anlg3otQ5Wp4IwHzv_Ui2DNhvJuel7TVw=s0-w100-h100-dcAVCSY6ynHNE5aLI,,
78,Report: Racial disparities in homeownership worse in Milwaukee compared with 10 other cities,bookmark_border,Jul 25,,news.google.com/./articles/CBMigAFodHRwczovL3dpc2NvbnNpbmV4YW1pbmVyLmNvbS9icmllZi9yZXBvcnQtcmFjaWFsLWRpc3Bhcml0aWVzLWluLWhvbWVvd25lcnNoaXAtd29yc2UtaW4tbWlsd2F1a2VlLWNvbXBhcmVkLXdpdGgtMTAtb3RoZXItY2l0aWVzL9IBAA?hl=en-US&gl=US&ceid=US%3Aen,https://lh3.googleusercontent.com/proxy/6-vauHlIQ9SUa709tQzOlQS_1nSngaNFNN3pvFbPhR8ct8GdsxTAKTV4G0VSCUYMjMgUTzcPoUeIj43Tcm3jiAbh4ecB7BpVtPLh17V1dsmJjWqw5f4H3g4ukG9kMqm3DQR5Ur6oAR1HtcKNP2eu9w_LXbGLjs41sI8-bQ=s0-w100-h100-dclSGG0qgG,,
79,Why The U.S. Rental Housing Crisis Is So Dire,bookmark_border,Aug 26,,news.google.com/./articles/CBMiSmh0dHBzOi8vd3d3LmZvcmJlcy5jb20vYWR2aXNvci9wZXJzb25hbC1maW5hbmNlL3JlbnRhbC1ob3VzaW5nLWNvc3RzLXJpc2Uv0gEA?hl=en-US&gl=US&ceid=US%3Aen,https://lh3.googleusercontent.com/proxy/G_05jw32t9CTwhYwR-PReBxIy28Rk9yLiYiDI9W409NlHoOENJ3zV8XEAuh52vUTdBW2KPlrt-s4_UeyUjJllEk7CgYCcnQstArQUSrI24nrhx6tFVFihnW1k6oev_tGbD6e4jjJx4GaSoIWLXQN5eTC=s0-w100-h100-dcAWCKQi4G,,
80,"Amidst Door County's rich tourism industry, working families struggle to find suitable, affordable housing",bookmark_border,"Jun 28, 2021",2021-06-28 00:00:00.000000,news.google.com/./articles/CBMirwFodHRwczovL3d3dy5ncmVlbmJheXByZXNzZ2F6ZXR0ZS5jb20vaW4tZGVwdGgvbmV3cy9sb2NhbC9kb29yLWNvLzIwMjEvMDYvMjgvY29zdC1saXZpbmctZG9vci1jb3VudHktd29ya2Vycy1mYW1pbGllcy1zdHJ1Z2dsZS1maW5kLWFmZm9yZGFibGUtaG91c2luZy10b3VyaXNtLWdyb3dzLzc0MTAyOTIwMDIv0gEA?hl=en-US&gl=US&ceid=US%3Aen,https://lh3.googleusercontent.com/proxy/x0tNGPmhD3gZGf8-6OulfGZxLqPt7fZ2s9pQpxVIik02PjHfAZ974lCrNauRoKvrzZUy6hkzKvPZi9NsUkcgFTCUnv-frYsv3P55KYrOQvSNGWtI00Vt5_mVF4YZFZlaaMd80nGwnGlndN4PSA2jYIPDWz1psxNe1P6-7PxxXcLb-1C8qwNs-mmlfjy2zoDlpErz19Qk7DJ0caTx1NbuGw=s0-w100-h100-dcIUCcMCAJ,,
81,Madison Plan Commission proposes zoning code modification to increase equity,bookmark_border,Oct 10,,news.google.com/./articles/CBMiemh0dHBzOi8vd3d3LmRhaWx5Y2FyZGluYWwuY29tL2FydGljbGUvMjAyMi8xMC9tYWRpc29uLXBsYW4tY29tbWlzc2lvbi1wcm9wb3Nlcy16b25pbmctY29kZS1tb2RpZmljYXRpb24tdG8taW5jcmVhc2UtZXF1aXR50gEA?hl=en-US&gl=US&ceid=US%3Aen,https://lh3.googleusercontent.com/proxy/Pbr-epGtbUZN6OkrCs0TU1YfZh8ag0_7iKI92Yukw0BfQZjcLNZbvX0kv8VuKH9LlZyqJBtCXaYeC8DGbjQMwRk4drY5liow53L46A8ZUY1Ab1Ne4byx6zElA7FvIr_isv1AimkrgJzZM8qGbRI9PpC_KtgmC8p7G9msQUztZT_oJS7aGtKhc4yFQa7Wr3RwXfbKW9V78_hMoUV0g0LPCOhMjNv0xP0ZUnTBVAJDIg=s0-w100-h100-dcAbAI,,
82,"Wisconsin Assembly proposal to criminalize living on public property draws ire from lawmakers, homelessness support groups",bookmark_border,"Oct 13, 2021",2021-10-13 00:00:00.000000,news.google.com/./articles/CBMic2h0dHBzOi8vd3d3Lndwci5vcmcvd2lzY29uc2luLWFzc2VtYmx5LXByb3Bvc2FsLWNyaW1pbmFsaXplLWxpdmluZy1wdWJsaWMtcHJvcGVydHktZHJhd3MtaXJlLWxhd21ha2Vycy1ob21lbGVzc25lc3PSAQA?hl=en-US&gl=US&ceid=US%3Aen,https://lh3.googleusercontent.com/proxy/J_6aY6B0DYjQVfGAFQtjJFs_R78BKy1S6Mf_9CU8yEYZTtcDXKVy6cws-zy8LkRbhIiCHtvr2x37GcT9A-LJ2ZEqBYwDGYdedRYmzBJPC1SVvShl2yvMdOEKBp7dXXY0GEU=s0-w100-h100-dcDbEO,,
83,What a real estate bubble would mean for homebuyers,bookmark_border,Apr 7,,news.google.com/./articles/CBMijQFodHRwczovL3d3dy53cW93LmNvbS90b3dubmV3cy9lY29ub21pY3Mvd2hhdC1hLXJlYWwtZXN0YXRlLWJ1YmJsZS13b3VsZC1tZWFuLWZvci1ob21lYnV5ZXJzL2FydGljbGVfMzljZTM0MDUtMGQ5Ny01OGZhLWE3ZGMtMjNiZjlkMTgxNmZiLmh0bWzSAQA?hl=en-US&gl=US&ceid=US%3Aen,https://lh3.googleusercontent.com/proxy/dOffNp63qahwWCUhXlriyeAasOjYVz2e7gk38ECXqxG6i-Ow708J7Sat1LEcpF6LJWXDxmW_l1qEdNro3iv2PTTIERslFWND1x256xtqwvSgujYuGGkhdTAK-oJbA24Tq8ewCTsd9MQOE6wo48wZ2pSEhWy7_s8g1gtLp4Nun730DYnLOagLj_OpZEqP97wy6DWOy4WkN9CjR-X7NOOX40_cQFQ_6eb6FFHxgTa5EGkgnqqSDS3Sx-LVGTkXznQ0F3gACaoQNQ=s0-w100-h100-dcDZCIZ0YF,,
84,"Amid housing shortage, can tiny homes reduce homelessness?",bookmark_border,Oct 21,,news.google.com/./articles/CBMibGh0dHBzOi8vd3d3Lm5ld3NuYXRpb25ub3cuY29tL2J1c2luZXNzL3lvdXItbW9uZXkvYW1pZC1ob3VzaWluZy1zaG9ydGFnZS1jYW4tdGlueS1ob21lcy1yZWR1Y2UtaG9tZWxlc3NuZXNzL9IBcGh0dHBzOi8vd3d3Lm5ld3NuYXRpb25ub3cuY29tL2J1c2luZXNzL3lvdXItbW9uZXkvYW1pZC1ob3VzaWluZy1zaG9ydGFnZS1jYW4tdGlueS1ob21lcy1yZWR1Y2UtaG9tZWxlc3NuZXNzL2FtcC8?hl=en-US&gl=US&ceid=US%3Aen,https://lh3.googleusercontent.com/proxy/jnX4Ol8mnuJcHu2cKGkPR_uM3glGXX7m4c2POdpIC7zQbl2kLit6O_bues-BvGLEv6kg6-i0erKMBHQ-CAd2qFgvP86LC13JLy80VEg57YoZ4Kw5WPA4OZub2D2QXiLfY9P5ZqEHQNJc06NjaQSXn8QMGq-IgrO3pFo=s0-w100-h100-dcCYCKaL0E,,
85,Here's One Way States Are Boosting Affordable Housing,bookmark_border,Mar 2,,news.google.com/./articles/CBMiggFodHRwczovL3d3dy5wZXd0cnVzdHMub3JnL2VuL3Jlc2VhcmNoLWFuZC1hbmFseXNpcy9ibG9ncy9zdGF0ZWxpbmUvMjAyMi8wMy8wMi9oZXJlcy1vbmUtd2F5LXN0YXRlcy1hcmUtYm9vc3RpbmctYWZmb3JkYWJsZS1ob3VzaW5n0gEA?hl=en-US&gl=US&ceid=US%3Aen,https://lh3.googleusercontent.com/proxy/94zp9KNW90VjjoXwmkdlzlhGPFFj29FLUxMRoNvVevF8TNBD9NQK5P-yMprbqvJV3-txZQ79eJT5O91lDSNJvRPwlxFbA9jVQQIBJWcZJzKWpVbUDsX6cywWYdc3APawAVRn17FMGPse3uwdrpSBfBXVuK0=s0-w100-h100-dcgWCSrDEH,,
86,How is inflation impacting life in Central Wisconsin? We want to share your stories.,bookmark_border,Jul 27,,news.google.com/./articles/CBMimQFodHRwczovL3d3dy5zdGV2ZW5zcG9pbnRqb3VybmFsLmNvbS9zdG9yeS9uZXdzL2xvY2FsLzIwMjIvMDcvMjcvaG93LWluZmxhdGlvbi1pbXBhY3RpbmctbGlmZS1jZW50cmFsLXdpc2NvbnNpbi13ZS13YW50LXRvLXNoYXJlLXlvdXItc3Rvcmllcy8xMDExMTE0MTAwMi_SAQA?hl=en-US&gl=US&ceid=US%3Aen,https://lh3.googleusercontent.com/proxy/89FMhOOXFVMr8lcOjfgI4_YSImSOrV7HH_yVmGBV2WJvKoU8pFSNb0gIXuvyDof7AdPR4xuw03ETscx2_U2DrArzvw2S5p9XSLV8hAfw0rInseTJUx-GMS0Q3WCziTAgbouZziXQDD1goCAORFZ2mpNCYq67js4OFIK7Z4L6Cyl5HfdD8lwTQEFDyEPhBBrux3QXuu0FcxwoDoWQw44Nl7RhOedYhyEXCD1SU4HAUKrNN1J6usznMp0W-IHvOEyHuJrfsEMRgDXEjecupJICXpzqBSflTjEqTvrBdnV1JG9I8Iv-yX69oR9u2ksDvH2uEhJxpxQ0Q2mKLj8=s0-w100-h100-dcAQCSyxxpgg4C,,
87,"Wisconsin housing market affected by lack of supply, report says",bookmark_border,Jul 19,,news.google.com/./articles/CBMilwFodHRwczovL3d3dy53YW93LmNvbS9uZXdzL3RvcC1zdG9yaWVzL3dpc2NvbnNpbi1ob3VzaW5nLW1hcmtldC1hZmZlY3RlZC1ieS1sYWNrLW9mLXN1cHBseS1yZXBvcnQtc2F5cy9hcnRpY2xlXzUzMDRmMDFhLTA2ZjgtMTFlZC1hZTI1LTg3ZjdkZjZkN2MzZS5odG1s0gEA?hl=en-US&gl=US&ceid=US%3Aen,https://lh3.googleusercontent.com/proxy/5lLlahMUNVxCQZ2cHaf0_KQ485QF87HRcHQ9aMdRS7yP_hBH9vqvRirKqUmIGStceBXyvTkSBdENBOOOaUUY1E6Tv8LuSISQxQ04vkZmlcN9xY2zXeXyTeNchW1TYQCAPRg5igA6UEvgFM31SFdTbSayf08ZQgl4phAymIYzwekuQe2-nf4vym_icpeZ-Z1j7_yxeWwBs9aRW9u9NU3hT2wjZpUkT96qVqUFmNCfUY72RuWIEg=s0-w100-h100-dcmYAc,,
88,"Despite $37M spent on homeownership programs, Black and Hispanic homeowner rates remain low, report says",bookmark_border,Jul 26,,news.google.com/./articles/CBMijAFodHRwczovL3d3dy5qc29ubGluZS5jb20vc3RvcnkvbmV3cy9sb2NhbC9taWx3YXVrZWUvMjAyMi8wNy8yNi9kZXNwaXRlLTM3LW0taG9tZW93bmVyLXByb2dyYW1zLWxvdy1ibGFjay1oaXNwYW5pYy1yYXRlcy1wZXJzaXN0LzEwMTE1NjYwMDAyL9IBAA?hl=en-US&gl=US&ceid=US%3Aen,https://lh3.googleusercontent.com/proxy/jhHfdCm3_QSbl85NgK2uAi7BH5g6EV_10oyOs7aGew_uX3-6bMSCJYgyQ7MurEf-JwzkZkXtlJpBWJWwZCnebiTk87DbPFjb9getb5oGTlgThL40gEnkpBbuD-z55zlJS59ndhIo3GxAKPgD37lTYG26kAPAeG_FZ-lW4BlqxKAzm08-AgiW7ubbY33S87LWeqpbVYRD=s0-w100-h100-dcAUSIjR2pwA8B,,
89,A housing crash would sink these 16 housing markets—while these 23 markets would be spared,bookmark_border,Jul 15,,news.google.com/./articles/CBMid2h0dHBzOi8vZm9ydHVuZS5jb20vMjAyMi8wNy8xNS9ob3VzaW5nLWNyYXNoLXdvdWxkLXNpbmstdGhlc2UtMTYtaG91c2luZy1tYXJrZXRzd2hpbGUtdGhlc2UtMjMtbWFya2V0cy13b3VsZC1iZS1zcGFyZWQv0gF7aHR0cHM6Ly9mb3J0dW5lLmNvbS8yMDIyLzA3LzE1L2hvdXNpbmctY3Jhc2gtd291bGQtc2luay10aGVzZS0xNi1ob3VzaW5nLW1hcmtldHN3aGlsZS10aGVzZS0yMy1tYXJrZXRzLXdvdWxkLWJlLXNwYXJlZC9hbXAv?hl=en-US&gl=US&ceid=US%3Aen,https://lh3.googleusercontent.com/proxy/EnnHPO12wxxx4-ffCXV-nLoTYLrEOCyIv-xqzsJh_d81xr8G90Cku688rxFBd81bcCoOuTfxdWbK4uQT1OPfqQty43AO49KyB30LaUx_dKAr8HIqvDpJ-MHR7Mt8jsocU2UqV-Uq7wj_EeB-hPtkqyVl1j9yz2b98gu89AN1ebiEhHmlkcnZXt-qCuZvb2ah2WGJWPxj-ng-X9gLYj0=s0-w100-h100-dcBQKQB7XmqWsC,,
90,Milwaukee housing program tries to address key issue for ex-prisoners,bookmark_border,Apr 28,,news.google.com/./articles/CBMimQFodHRwczovL3d3dy5qc29ubGluZS5jb20vaW4tZGVwdGgvbmV3cy9zcGVjaWFsLXJlcG9ydHMvMjAyMi8wNC8yOC9taWx3YXVrZWUtcHJvZ3JhbS1mYW1pbHktaG91c2UtdHJpZXMtYWRkcmVzcy1rZXktaXNzdWUtZXgtcHJpc29uZXJzLWhvdXNpbmcvNjA4MDg5MzAwMS_SAQA?hl=en-US&gl=US&ceid=US%3Aen,https://lh3.googleusercontent.com/proxy/u0WJ0NEdsPjke_d-z5fOF9XwdJvMnIWOc7lowO8G0Oc-cEgBXIq1Mj06XAuGHoeTobWl8-c4H02Uws48B0vSeTnkppKRE3CRcxnc0Zd3Ad1LgZqEei8zVQzkFIzZ5k5oF0xutMtrB3ZrpNYNcszkfEvZanxxXMJcTL9xKXewzy6ZssBeL6e0qCm71nCSJqTtpMqBSVncmUs=s0-w100-h100-dcrVOScKUI,,
91,Housing crunch impacts the Northland | BusinessNorth Exclusives | businessnorth.com,bookmark_border,Aug 22,,news.google.com/./articles/CBMijAFodHRwOi8vd3d3LmJ1c2luZXNzbm9ydGguY29tL2J1c2luZXNzbm9ydGhfZXhjbHVzaXZlcy9ob3VzaW5nLWNydW5jaC1pbXBhY3RzLXRoZS1ub3J0aGxhbmQvYXJ0aWNsZV8zMjAyMDZhYy0yMjMwLTExZWQtODc5ZC1mZmJlOTA2N2Q3NDkuaHRtbNIBAA?hl=en-US&gl=US&ceid=US%3Aen,https://lh3.googleusercontent.com/proxy/5MsIgtIfWbDw62ac7nTsMCFf9FrvrvncVIWpSgcAw0J4jpuhjcHcUNu0f90z16tAVRLVTGvmwBu08CnUV-8yknKrlGKKsQqQ0KyHWHX6lFDekpfXE0fzj4-Li56ShDKPYJ8DoYXxLAO65XTv1exvDdIJSreHNyLDf04ZjYxV-gE7T5omtj-uGJ_Hc5nlacduAY9v-cJqKjNlheKOjw1LeJ-pttXD3__cBYiD8GqWVgAjR7k_WHd5g7A5FptqHj6cRXQFNTZKM3RlXD1LW-u01w=s0-w100-h100-dcjVKOCirmTAwK21s,,
92,Can tiny homes alleviate Ironwood's housing shortage?,bookmark_border,Oct 13,,news.google.com/./articles/CBMiZmh0dHBzOi8vd3d3Lnd4cHIub3JnL2J1c2luZXNzLWVjb25vbWljcy8yMDIyLTEwLTEzL2Nhbi10aW55LWhvbWVzLWFsbGV2aWF0ZS1pcm9ud29vZHMtaG91c2luZy1zaG9ydGFnZdIBAA?hl=en-US&gl=US&ceid=US%3Aen,https://lh3.googleusercontent.com/proxy/t4nue-WvNXtYX7lHuesE6O8sQWbujAa3pI2LjaL9hG0pz6YoXuFCwBwN-3GhBURaT6gVo7TKtNRZ9-Q7lNSHfTHBwq8Retu42r0REuGfKjAdOlCGezQNeAtFApE9491URegYnY2Ug528e5xwQuLSqYyzwppb44-QcIE=s0-w100-h100-dcBZGUpzYI,,
93,Addressing homelessness with Housing First approach,bookmark_border,Aug 24,,news.google.com/./articles/CBMidWh0dHBzOi8vc3BlY3RydW1uZXdzMS5jb20vd2kvbWlsd2F1a2VlL25ld3MvMjAyMi8wOC8yMi8tbmV3LXN0dWR5LXNob3dzLXRoYXQtaG9tZWxlc3NuZXNzLW5lZWQtbW9yZS10aGFuLWp1c3QtaG91c2luZ9IBAA?hl=en-US&gl=US&ceid=US%3Aen,https://lh3.googleusercontent.com/proxy/eCCYv6p3nscSABIRHiO8s586X1TXS-GSGgBqaKq7b4XK-phJpsVAHo4UbLQ7ogrdDdykQY0K5m2RRFi9YNCYAc5G6ciFL18LTVzpHKVR2Wi3sn5PO--69xy2PO2TXSpeE_aqyyl6QstRBuzXOA=s0-w100-h100-dcAWAc,,
94,Milwaukee school converted to affordable housing through HUD program,bookmark_border,Jun 2,,news.google.com/./articles/CBMinQFodHRwczovL3d3dy5qc29ubGluZS5jb20vc3RvcnkvbmV3cy9sb2NhbC9taWx3YXVrZWUvMjAyMi8wNi8wMi9taWx3YXVrZWUtcGhpbGxpcy13aGVhdGxleS1zY2hvb2wtY29udmVydGVkLWFmZm9yZGFibGUtaG91c2luZy10aHJvdWdoLWh1ZC1wcm9ncmFtLzc0NzU2MTYwMDEv0gEA?hl=en-US&gl=US&ceid=US%3Aen,https://lh3.googleusercontent.com/proxy/oA8WrD1rcRe6bLEGEALeCVozVYhV1BgSlOzlBMH1B7YQ55QAxDl4DhP6F32ltweC9ZqP8wW2QFAO7wgjLIK4uCP646Dl0bAhxY25T5GhI3_mRJYIKofrb2lrZIvQ2ESn0UCtkgFhS2lME6dOFrg9Jt6O0CDi_M1XM8wzme4U4Q=s0-w100-h100-dcpXGSDbEH,,
95,Housing in Northeast Wisconsin: Booming market hurts affordability,bookmark_border,"Jun 16, 2021",2021-06-16 00:00:00.000000,news.google.com/./articles/CBMikQFodHRwczovL3d3dy5ncmVlbmJheXByZXNzZ2F6ZXR0ZS5jb20vaW4tZGVwdGgvbmV3cy9sb2NhbC8yMDIxLzA2LzE2L2hvdXNpbmctaW4tbm9ydGhlYXN0LXdpc2NvbnNpbi1ib29taW5nLW1hcmtldC1odXJ0cy1hZmZvcmRhYmlsaXR5LzczNTc2NDAwMDIv0gEA?hl=en-US&gl=US&ceid=US%3Aen,https://lh3.googleusercontent.com/proxy/LAE0NYiW6-r-wVpWVtChA_bW9IHTAOQJFF19-My7y61fQY_bm6gOS85pftSfe4U8GqaUikv-V3VK9P5RxNnUspCm5gkp5Lgbtdhx2sM1363bCbgirF4wtKLTNWTxED303qXfFIjXemN-fR6OZ_6e2ZL3aFJEcd_MIOf9LNLcMvfJI0TgWDm2lRVgPBnCOFcBADqvkwn1ie93S6GoNpO-UafK_9KNxKTqvfQmWTOeaJyKZTE=s0-w100-h100-dctWOGcKUI,,
96,Madison's zoning debate is a distraction from a meaningful affordable housing strategy – Tone Madison,bookmark_border,"Apr 26, 2021",2021-04-26 00:00:00.000000,news.google.com/./articles/CBMid2h0dHBzOi8vdG9uZW1hZGlzb24uY29tL2FydGljbGVzL21hZGlzb25zLXpvbmluZy1kZWJhdGUtaXMtYS1kaXN0cmFjdGlvbi1mcm9tLWEtbWVhbmluZ2Z1bC1hZmZvcmRhYmxlLWhvdXNpbmctc3RyYXRlZ3kv0gEA?hl=en-US&gl=US&ceid=US%3Aen,https://lh3.googleusercontent.com/proxy/4jHfd21MKTjLlVNwExgx1da8HOIoKcmQ_wtOuMwK2g0QVhRVgaOLsg3uaIMTOJKxh3W2aainQl3moQx2ZT-sm8k9SDUSgOGhW3yt7LastoERUKIliU51dNDXT01eWYGsF4y6ecRUcsUsBg=s0-w100-h100-dcARCGxxSlyFEB,,
