,title,media,date,datetime,desc,link,img
0,Conspiracies enter Wisconsin midterms; Disaster relief for ...,NPR,Oct 2022,,"... that were wholly unfounded, widespread distrust in the election process 
lingers in Wisconsin. ... and many wonder how disaster relief will get to 
them.",https://www.npr.org/2022/10/06/1127256774/conspiracies-enter-wisconsin-midterms-disaster-relief-for-underserved-communitie,"data:image/gif;base64,R0lGODlhAQABAIAAAP///////yH5BAEKAAEALAAAAAABAAEAAAICTAEAOw=="
1,Waukesha Christmas parade victims,NPR,2 Nov 2021,,"... available 24/7 via the national Disaster Distress Helpline at 
800-985-5990. ... According to Thompson, officials with Children's 
Wisconsin hospital in...",https://www.npr.org/2021/11/22/1058110216/victims-identified-waukesha-christmas-parade-incident,"data:image/gif;base64,R0lGODlhAQABAIAAAP///////yH5BAEKAAEALAAAAAABAAEAAAICTAEAOw=="
2,How you can help the victims of the Waukesha Christmas Parade crash,WISN,2 Dec 2021,,"Children's Wisconsin: Project UjimaWisconsin Disaster Distress Helpline: 
800-985-5990. People can call or text.Healing Hearts of Southeast 
WisconsinFamily...",https://www.wisn.com/article/waukesha-how-you-can-help-victims-of-the-christmas-parade-crash/38323245,"data:image/gif;base64,R0lGODlhAQABAIAAAP///////yH5BAEKAAEALAAAAAABAAEAAAICTAEAOw=="
3,Newly re-formed Wisconsin Task Force 1 holds first readiness ...,Wisconsin Emergency Management,1 month ago,2022-11-02 17:39:42.386582,"The task force, managed by Wisconsin Emergency Management, ... “We train so 
we are ready for the next major disaster, like an insurance policy,” said...",https://wem.wi.gov/wem221024/,"data:image/gif;base64,R0lGODlhAQABAIAAAP///////yH5BAEKAAEALAAAAAABAAEAAAICTAEAOw=="
4,"After a storm, who pays? The financial aftermath of tornados in ...",Channel3000.com,Aug 2021,,"But federal assistance–and any kind of taxpayer-funded assistance to 
individuals themselves–is unlikely based on the level of damages so far. 
Wisconsin Disaster...",https://www.channel3000.com/after-a-storm-who-pays-the-financial-aftermath-of-tornados-in-southern-wisconsin/,"data:image/gif;base64,R0lGODlhAQABAIAAAP///////yH5BAEKAAEALAAAAAABAAEAAAICTAEAOw=="
5,Wisconsin All-Hazards Incident Management Team trains for ...,Wisconsin Emergency Management,6 May 2022,,"Wisconsin All-Hazards Incident Management Team trains for disaster ... 
Wisconsin Emergency Management (WEM) last year began the process of forming 
a new...",https://wem.wi.gov/ready220516/,"data:image/gif;base64,R0lGODlhAQABAIAAAP///////yH5BAEKAAEALAAAAAABAAEAAAICTAEAOw=="
6,Create a Lasting Legacy – September is Preparedness Month ...,Wisconsin Emergency Management,9 Aug 2022,,"– Disasters can happen anytime, anywhere. To encourage all Wisconsinites to 
be ready, Governor Tony Evers has declared September Preparedness Month in 
Wisconsin...",https://wem.wi.gov/ready220829/,"data:image/gif;base64,R0lGODlhAQABAIAAAP///////yH5BAEKAAEALAAAAAABAAEAAAICTAEAOw=="
7,Children's Wisconsin: Last patient returns home following ...,CBS 58,4 Jan 2022,,"Live support continues to be available by calling Children's Wisconsin's 
Disaster Distress Helpline at 800-985-5990. To connect with the Mental and 
Behavioral...",https://www.cbs58.com/news/childrens-wisconsin-last-patient-hospitalized-after-waukesha-parade-attack-returns-home,"data:image/gif;base64,R0lGODlhAQABAIAAAP///////yH5BAEKAAEALAAAAAABAAEAAAICTAEAOw=="
8,COVID-19 Disaster Declarations,FEMA,20 Aug 2021,,"Region 5 (IL, MI, OH, MN, WI, IN) · President Donald J. Trump Approves 
Major Disaster Declaration for Minnesota (English) (Spanish) · President 
Donald J. Trump...",https://www.fema.gov/disaster/coronavirus/disaster-declarations,"data:image/gif;base64,R0lGODlhAQABAIAAAP///////yH5BAEKAAEALAAAAAABAAEAAAICTAEAOw=="
9,Wisconsin Emergency Management announces Public Private ...,Wisconsin Emergency Management,Oct 2022,,"MADISON, Wis. – While local governments play a key role in directing 
response and recovery efforts following a disaster, there are many partners 
throughout...",https://wem.wi.gov/ready221003/,"data:image/gif;base64,R0lGODlhAQABAIAAAP///////yH5BAEKAAEALAAAAAABAAEAAAICTAEAOw=="
10,The American Red Cross in Wisconsin needs your help as a ...,Milwaukee Journal Sentinel,1 Aug 2021,,"When disaster strikes, the Red Cross responds. ... Federico and Mark were 
remotely helping as incidents came in across Wisconsin, providing relief 
for...",https://www.jsonline.com/story/opinion/2021/08/11/american-red-cross-wisconsin-needs-your-help-volunteer/5557700001/,"data:image/gif;base64,R0lGODlhAQABAIAAAP///////yH5BAEKAAEALAAAAAABAAEAAAICTAEAOw=="
11,NWS confirms 8 tornadoes in Wisconsin June 15,WEAU,7 Jun 2022,,"Mauston Mayor Dennis Nielsen issued a disaster declaration late Wednesday 
night following a day of storms that left a slew of damage in its wake.",https://www.weau.com/2022/06/17/nws-confirms-6-tornadoes-wisconsin-june-15/,"data:image/gif;base64,R0lGODlhAQABAIAAAP///////yH5BAEKAAEALAAAAAABAAEAAAICTAEAOw=="
12,Wisconsin Task Force 1 returns to help communities in their ...,Wisconsin Emergency Management,2 Aug 2022,,"Now, that newly rebuilt team of firefighters, doctors, canine handlers, and 
structural engineers is back in action and ready to assist when a major 
disaster...",https://wem.wi.gov/wem220822/,"data:image/gif;base64,R0lGODlhAQABAIAAAP///////yH5BAEKAAEALAAAAAABAAEAAAICTAEAOw=="
13,Trump announces $10 billion Foxconn plant in Wisconsin,Fox News,6 Sept 2017,,"WASHINGTON – President Donald Trump said Wednesday that Electronics giant 
Foxconn will build a $10 billion factory in Wisconsin that's expected to 
create...",https://www.foxnews.com/politics/trump-announces-10-billion-foxconn-plant-in-wisconsin,"data:image/gif;base64,R0lGODlhAQABAIAAAP///////yH5BAEKAAEALAAAAAABAAEAAAICTAEAOw=="
14,Prepare for the Summer months – June 1 is Heat Awareness ...,Wisconsin Emergency Management,6 May 2022,,"The past two decades were the warmest on record for Wisconsin, and as a 
result has negatively impacted more Wisconsinites than other weather 
disaster...",https://wem.wi.gov/ready220526/,"data:image/gif;base64,R0lGODlhAQABAIAAAP///////yH5BAEKAAEALAAAAAABAAEAAAICTAEAOw=="
15,Wisconsin Governor's Cybersecurity Summit puts the focus on ...,Wisconsin Emergency Management,1 month ago,2022-11-02 17:39:43.193273,"“Cyber security has never been more important,” said Wisconsin Department 
of Administration Secretary-designee Kathy Blumenfeld. “Wisconsin 
experiences...",https://wem.wi.gov/hsc221027/,"data:image/gif;base64,R0lGODlhAQABAIAAAP///////yH5BAEKAAEALAAAAAABAAEAAAICTAEAOw=="
16,Waukesha parade attack: 7 children still recovering in hospital one week after deadly ambush,Fox News,8 Nov 2021,,"Joseph Sifnaios, co-owner of The Coop restaurant in Waukesha, Wisconsin, 
says about $15,000 was raised for the holiday parade victims. The city of 
Waukesha...",https://www.foxnews.com/us/waukesha-holding-moment-of-silence-sunday-residents-will-unite-with-a-blue-light,"data:image/gif;base64,R0lGODlhAQABAIAAAP///////yH5BAEKAAEALAAAAAABAAEAAAICTAEAOw=="
17,WisDems: Michels wants to resurrect Walker-Kleefisch's ...,WisPolitics,7 Jun 2022,,"... the taxpayers in Wisconsin, they deserve to have a governor at least 
try. [. ... pretends to be an outsider, his ties to the Foxconn disaster 
run deep.",https://www.wispolitics.com/2022/wisdems-michels-wants-to-resurrect-walker-kleefischs-foxconn-deal-risking-more-wasted-tax-dollars,"data:image/gif;base64,R0lGODlhAQABAIAAAP///////yH5BAEKAAEALAAAAAABAAEAAAICTAEAOw=="
18,A history of tornadoes in Fond du Lac County,FDL Reporter,1 Aug 2018,,"... NETWORK-Wisconsin archives contain yellowed clips and piles of old 
negatives that tell tales of past violent weather, along with the tragedy 
of disaster...",https://www.fdlreporter.com/story/news/2018/08/31/history-tornadoes-fond-du-lac-county/1137540002/,"data:image/gif;base64,R0lGODlhAQABAIAAAP///////yH5BAEKAAEALAAAAAABAAEAAAICTAEAOw=="
19,May 4 is NOAA Weather Radio All Hazards Awareness Day in ...,Wisconsin Emergency Management,May 2022,,"“When severe weather is in the forecast, it's important for people to have 
multiple ways to receive alerts so they know when to seek shelter,” said 
Wisconsin...",https://wem.wi.gov/ready220502/,"data:image/gif;base64,R0lGODlhAQABAIAAAP///////yH5BAEKAAEALAAAAAABAAEAAAICTAEAOw=="
20,"Upper Midwest Flooding: 1 Dead in Wisconsin, Disaster ...",The Weather Channel,7 Jun 2018,,"At least 60 sinkholes have been reported in Michigan, where a disaster has 
been declared. One death in Wisconsin has been blamed on the flooding. 
Advertisement.",https://weather.com/news/news/2018-06-17-flash-flooding-minnesota-michigan-wisconsin,"data:image/gif;base64,R0lGODlhAQABAIAAAP///////yH5BAEKAAEALAAAAAABAAEAAAICTAEAOw=="
21,A former Foxconn executive tries to explain what went wrong ...,The Verge,9 Apr 2022,,"The deal was supposedly quite simple: Foxconn (the company best known for 
manufacturing the iPhone), President Trump, and Wisconsin Governor Scott 
Walker all...",https://www.theverge.com/23030465/foxconn-lcd-factory-wisconsin-alan-yeung-trump-scott-walker-wisconn-valley-dome-decoder-interview,"data:image/gif;base64,R0lGODlhAQABAIAAAP///////yH5BAEKAAEALAAAAAABAAEAAAICTAEAOw=="
22,"After Wisconsin tragedy, Philly police are confident in their Thanksgiving Parade safety plan",WHYY,2 Nov 2021,,"After Wisconsin tragedy, Philly police are confident in their Thanksgiving 
... the number of officers on the street in the wake of the Wisconsin 
disaster.",https://whyy.org/articles/after-wisconsin-tragedy-philly-police-are-confident-in-their-thanksgiving-parade-safety-plan/,"data:image/gif;base64,R0lGODlhAQABAIAAAP///////yH5BAEKAAEALAAAAAABAAEAAAICTAEAOw=="
23,"One Dead After Storms, Tornadoes Damage Buildings, Knock ...",The Weather Channel,30 Jul 2021,,"Impacts from the storms stretched from Wisconsin to northeast Illinois, ... 
were flattened in what was estimated by NOAA as an $11.5 billion disaster.",https://weather.com/news/news/2021-07-29-storms-wind-power-outages-wisconsin-illinois-michigan,"data:image/gif;base64,R0lGODlhAQABAIAAAP///////yH5BAEKAAEALAAAAAABAAEAAAICTAEAOw=="
24,Registration open for 2022 Wisconsin Governor's ...,Wisconsin Emergency Management,2 Aug 2022,,"MADISON, Wis. – Registration is now open for the 2022 Wisconsin Governor's 
Cybersecurity Summit, being held Oct. 23-25 at the Wilderness Resort – 
Glacier...",https://wem.wi.gov/hsc220822/,"data:image/gif;base64,R0lGODlhAQABAIAAAP///////yH5BAEKAAEALAAAAAABAAEAAAICTAEAOw=="
25,Walker Declares Statewide Emergency After Storms Ravage ...,Wisconsin Public Radio |,9 Aug 2018,,"If the state receives any federal disaster aid, Walker said a portion of 
the ... More heavy rain hit southern Wisconsin on Tuesday night in areas 
that have...",https://www.wpr.org/walker-declares-statewide-emergency-after-storms-ravage-communities,"data:image/gif;base64,R0lGODlhAQABAIAAAP///////yH5BAEKAAEALAAAAAABAAEAAAICTAEAOw=="
26,How Hurricane Ian and other disasters are becoming a growing source of inequality – even among the middle class,The Conversation,Oct 2022,,"Friendswood, Texas, is the type of community that one might think of as a 
“best case scenario” when it comes to recovering from a disaster.",https://theconversation.com/how-hurricane-ian-and-other-disasters-are-becoming-a-growing-source-of-inequality-even-among-the-middle-class-191637,"data:image/gif;base64,R0lGODlhAQABAIAAAP///////yH5BAEKAAEALAAAAAABAAEAAAICTAEAOw=="
27,Flood Mitigation Assistance (FMA) Grant,FEMA,9 Jul 2020,,"... for receiving certain types of non-emergency disaster assistance, ... 
which is now the management system for FEMA pre-disaster mitigation grants.",https://www.fema.gov/grants/mitigation/floods,"data:image/gif;base64,R0lGODlhAQABAIAAAP///////yH5BAEKAAEALAAAAAABAAEAAAICTAEAOw=="
28,Trophy hunters kill 216 wolves in Wisconsin bloodbath · A ...,A Humane World,Mar 2021,,"A no-holds-barred carnage of wolves in Wisconsin last week, ... Wisconsin's 
wolf hunt was, from start to finish, an example of the worst wildlife 
management...",https://blog.humanesociety.org/2021/03/trophy-hunters-kill-216-wolves-in-wisconsin-bloodbath.html,"data:image/gif;base64,R0lGODlhAQABAIAAAP///////yH5BAEKAAEALAAAAAABAAEAAAICTAEAOw=="
29,The looming election disaster - POLITICO,Politico,3 weeks ago,2022-11-11 17:39:44.103745,"Already, the Justice Department noted that seven battleground states — 
Arizona, Colorado, Georgia, Michigan, Nevada, Pennsylvania and Wisconsin — 
accounted...",https://www.politico.com/newsletters/politico-nightly/2022/11/07/the-looming-election-disaster-00065563,"data:image/gif;base64,R0lGODlhAQABAIAAAP///////yH5BAEKAAEALAAAAAABAAEAAAICTAEAOw=="
30,Members of Wisconsin's Red Cross help with California fires,Spectrum News,4 Sept 2022,,"Wisconsin disaster volunteers Bob & Elizabeth have just deployed to help 
with the evolving fire response in northern California. Thank you to all 
the volunteers...",https://spectrumnews1.com/wi/milwaukee/news/2022/09/14/members-of-wisconsin-s-red-cross-help-with-california-fires,"data:image/gif;base64,R0lGODlhAQABAIAAAP///////yH5BAEKAAEALAAAAAABAAEAAAICTAEAOw=="
31,FACT SHEET: Biden Administration Invests $1 Billion To ...,The White House,4 May 2021,,"The Administration is directing $1 billion in pre-disaster mitigation 
resources to communities, and it is announcing next generation climate data 
systems that...",https://www.whitehouse.gov/briefing-room/statements-releases/2021/05/24/fact-sheet-biden-administration-invests-1-billion-to-protect-communities-families-and-businesses-before-disaster-strikes/,"data:image/gif;base64,R0lGODlhAQABAIAAAP///////yH5BAEKAAEALAAAAAABAAEAAAICTAEAOw=="
32,Emergency Info,Florida Disaster,1 day ago,2022-12-01 17:39:44.783330,"Disaster Recovery Centers to Close Temporarily for Severe Weather 11/08 ... 
public wi-fi access locations throughout areas impacted by Hurricane Ian.",https://www.floridadisaster.org/info/,"data:image/gif;base64,R0lGODlhAQABAIAAAP///////yH5BAEKAAEALAAAAAABAAEAAAICTAEAOw=="
33,"Mental health, other resources available in and around Wisconsin",TMJ4,8 Apr 2020,,"WISCONSIN — With the Safer at Home order extended through May, ... To reach 
out for free 24/7 counseling or support, contact the Disaster Distress 
Helpline...",https://www.tmj4.com/rebound/coronavirus-stress/mental-health-other-resources-available-in-and-around-wisconsin,"data:image/gif;base64,R0lGODlhAQABAIAAAP///////yH5BAEKAAEALAAAAAABAAEAAAICTAEAOw=="
34,Mount Pleasant residents oppose village board attempt to ...,Wisconsin Examiner,7 Mar 2022,,"Henry Redman is a staff reporter for the Wisconsin Examiner who focuses on 
covering Wisconsin's towns and rural areas. He previously covered crime and 
courts at...",https://wisconsinexaminer.com/2022/03/17/mount-pleasant-residents-opposing-village-board-attempt-to-extend-terms/,"data:image/gif;base64,R0lGODlhAQABAIAAAP///////yH5BAEKAAEALAAAAAABAAEAAAICTAEAOw=="
35,Lawrence Tabak's Foxconned: A valuable forensic ...,WSWS,6 May 2022,,"In June 2018, President Donald Trump, Wisconsin governor Scott Walker, ... 
Tabak's volume makes clear that the consequences of the Foxconn disaster 
are far...",https://www.wsws.org/en/articles/2022/05/16/foxc-m16.html,"data:image/gif;base64,R0lGODlhAQABAIAAAP///////yH5BAEKAAEALAAAAAABAAEAAAICTAEAOw=="
36,National Weather Service confirms 5 tornadoes in southeast ...,CBS 58,9 Jul 2021,,"""Seeing if the Wisconsin disaster fund can be of help, and of course, 
possibly federal,"" Evers said. Some Concord residents said the Emergency 
Broadcast...",https://www.cbs58.com/news/national-weather-service-confirms-ef1-tornado-in-concord-jefferson-county,"data:image/gif;base64,R0lGODlhAQABAIAAAP///////yH5BAEKAAEALAAAAAABAAEAAAICTAEAOw=="
37,Hydrite Chemical Co. Ranked Number 35 Most Successful ...,PR Newswire,5 Nov 2020,,"BROOKFIELD, Wis., Nov. 25, 2020 /PRNewswire/ -- Hydrite Chemical Co. 
announced today that it ranked No. 35 on Deloitte's Wisconsin 75™, a 
ranking of the 75...",https://www.prnewswire.com/news-releases/hydrite-chemical-co-ranked-number-35-most-successful-private-company-on-deloittes-2020-wisconsin-75-301180340.html,"data:image/gif;base64,R0lGODlhAQABAIAAAP///////yH5BAEKAAEALAAAAAABAAEAAAICTAEAOw=="
38,Red Cross responds to Hurricane Ian devastation,Fox 11,Oct 2022,,"Locally more than 30 Wisconsin disaster volunteers are deployed in Florida 
and more will be deployed in the weeks and months ahead.",https://fox11online.com/news/state/red-cross-responds-to-hurricane-ian-devastation-tropical-storm-relief-donate-volunteer-florida,"data:image/gif;base64,R0lGODlhAQABAIAAAP///////yH5BAEKAAEALAAAAAABAAEAAAICTAEAOw=="
39,Waushara County Board votes to withdraw from East Central ...,Waushara Argus,9 Jun 2022,,"He is looking into funds for Wisconsin Disaster Municipalities and noted 
that the funds were not for individuals. He also said he received calls on 
the...",https://www.wausharaargus.com/news-government/waushara-county-board-votes-withdraw-east-central-planning,"data:image/gif;base64,R0lGODlhAQABAIAAAP///////yH5BAEKAAEALAAAAAABAAEAAAICTAEAOw=="
40,Midterm Elections 2022: Senate deadlock looms in GOP disaster,New York Post,3 weeks ago,2022-11-11 17:39:45.609543,"In Wisconsin, GOP incumbent Ron Johnson struggled to shake Democratic Lt. 
Gov. Mandela Barnes after pre-election polls showed Johnson pulling away in 
the...",https://nypost.com/2022/11/09/democrats-defy-the-odds-to-keep-control-of-senate/,"data:image/gif;base64,R0lGODlhAQABAIAAAP///////yH5BAEKAAEALAAAAAABAAEAAAICTAEAOw=="
41,Historic 2008 flooding remembered,NBC15,Jun 2018,,"It was the worst disaster since the Great Floods of 1993 that hit the 
Midwest. ... Don Dunbar, Wisconsin's adjutant general and Homeland Security 
Advisor.",https://www.nbc15.com/content/news/Historic-2008-flooding-remembered-484928971.html,"data:image/gif;base64,R0lGODlhAQABAIAAAP///////yH5BAEKAAEALAAAAAABAAEAAAICTAEAOw=="
42,Mesh Networks Can Connect Us During Disasters (Commentary),Government Technology,2 Nov 2020,,"Centralized communications systems — the standard for today's cell, Wi-Fi 
and satellite networks — rely on a central hub to route data from point A 
to point...",https://www.govtech.com/em/safety/mesh-networks-can-connect-us-during-disasters-commentary.html,"data:image/gif;base64,R0lGODlhAQABAIAAAP///////yH5BAEKAAEALAAAAAABAAEAAAICTAEAOw=="
43,FEMA Surges Hundreds of Additional Personnel to Puerto ...,FEMA,3 Sept 2022,,"The declaration authorizes FEMA to coordinate all federal disaster relief 
efforts to save lives and protect property. Administrator Criswell called 
Governor...",https://www.fema.gov/press-release/20220920/fema-surges-hundreds-additional-personnel-puerto-rico-hurricane-fiona,"data:image/gif;base64,R0lGODlhAQABAIAAAP///////yH5BAEKAAEALAAAAAABAAEAAAICTAEAOw=="
44,A University of Tampa Bay student decided to remain in Tampa instead of evacuating home to Wisconsin,NBC26,8 Sept 2022,,"There is a handful of Wisconsinites that are prepared to travel to Florida 
as part of the Red Cross Wisconsin disaster relief team.",https://www.nbc26.com/news/local-news/a-university-of-tampa-bay-student-has-decided-to-remain-in-tampa-instead-of-evacuating-home-to-wisconsin,"data:image/gif;base64,R0lGODlhAQABAIAAAP///////yH5BAEKAAEALAAAAAABAAEAAAICTAEAOw=="
45,"Meyers, Bewley advocate bills for Wisconsin flood prevention ...",Daily Globe,2 Mar 2020,,"-Reducing the amount recipients of Wisconsin Disaster Fund money are 
responsible for covering down from 30% to 25% and making additional funds 
available...",https://www.yourdailyglobe.com/story/2020/03/12/news/meyers-bewley-advocate-bills-for-wisconsin-flood-prevention-resilience/13629.html?utm_source=feedburner&utm_medium=feed&utm_campaign=Feed%3A+Wisconsin_Guide+%28Wisconsin_Guide%29,"data:image/gif;base64,R0lGODlhAQABAIAAAP///////yH5BAEKAAEALAAAAAABAAEAAAICTAEAOw=="
46,Middle Inlet property owners still assessing storm damage,ehextra.com,3 Jun 2022,,"The Wisconsin Emergency Management confirmed funds from the Wisconsin 
Disaster Fund might be available for eligible expenses. Counties and tribes 
have 30 days...",https://www.ehextra.com/news/middle-inlet-property-owners-still-assessing-storm-damage/article_71450ab2-f0c6-11ec-89a7-138c2f2d213a.html,"data:image/gif;base64,R0lGODlhAQABAIAAAP///////yH5BAEKAAEALAAAAAABAAEAAAICTAEAOw=="
47,Survivors of Laos' Worst Dam Disaster Still Struggling Two ...,ReliefWeb,3 Jul 2020,,"Survivors of Laos' Worst Dam Disaster Still Struggling Two Years Later ... 
a Southeast Asia expert at the University of Wisconsin-Madison, told RFA.",https://reliefweb.int/report/lao-peoples-democratic-republic/survivors-laos-worst-dam-disaster-still-struggling-two-years,"data:image/gif;base64,R0lGODlhAQABAIAAAP///////yH5BAEKAAEALAAAAAABAAEAAAICTAEAOw=="
48,"2008 Oshkosh floods: 10-year anniversary, lessons learned",Oshkosh Northwestern,2 Jun 2018,,"University of Wisconsin-Oshkosh campus saw damage to nearly every building. 
... RELATED:2008 floods, the costliest disaster in Wisconsin history,...",https://www.thenorthwestern.com/story/news/2018/06/12/2008-oshkosh-floods-10-year-anniversary-lessons-learned/693940002/,"data:image/gif;base64,R0lGODlhAQABAIAAAP///////yH5BAEKAAEALAAAAAABAAEAAAICTAEAOw=="
49,Beloved MKE barber celebrating 90th birthday,TMJ4,Sept 2017,,"Wisconsin Disaster Team Heads South To Help With Irma. “Being a boss is one 
thing,” he says, referring to the barber shop he's owned for decades and 
his...",https://www.tmj4.com/news/local-news/ive-been-blessed-well-beloved-milwaukee-barber-george-jelich-celebrating-90th-birthday,"data:image/gif;base64,R0lGODlhAQABAIAAAP///////yH5BAEKAAEALAAAAAABAAEAAAICTAEAOw=="
50,America's Vaccine Rollout Is Already a Disaster,New York Magazine,30 Dec 2020,,"It's happening all over again. For months, Americans who despaired about 
the country's coronavirus-suppression efforts looked desperately to the 
arrival of...",https://nymag.com/intelligencer/article/americas-vaccine-rollout-disaster.html,"data:image/gif;base64,R0lGODlhAQABAIAAAP///////yH5BAEKAAEALAAAAAABAAEAAAICTAEAOw=="
51,20221001 First Lady Casey DeSantis Announces Over $20 ...,Florida Disaster,Oct 2022,,"""Raising more than $20 million in 48 hours for The Florida Disaster Fund is 
a ... charging cords and cell phones, as well as three wi-fi trailers with 
the...",https://www.floridadisaster.org/news-media/news/20221001-first-lady-casey-desantis-announces-over-$20-million-raised-within-48-hours-of-activating-the-florida-disaster-fund/,"data:image/gif;base64,R0lGODlhAQABAIAAAP///////yH5BAEKAAEALAAAAAABAAEAAAICTAEAOw=="
52,Green Bay flooding: Avoid areas near East River due to ...,Green Bay Press-Gazette,5 Mar 2019,,"As flooding spread across the county, Streckenbach issued his disaster ... 
will make the county eligible for reimbursement from the Wisconsin Disaster 
Fund.",https://www.greenbaypressgazette.com/story/news/2019/03/15/green-bay-police-avoid-areas-near-east-river-due-flooding/3173366002/,"data:image/gif;base64,R0lGODlhAQABAIAAAP///////yH5BAEKAAEALAAAAAABAAEAAAICTAEAOw=="
53,Democrats' midterm hopes fade: 'We peaked a little early',Politico,1 month ago,2022-11-02 17:39:46.384547,"Wade in June, it seemed possible that Democrats could avoid a midterm 
disaster. ... edged ahead of Democrats in U.S. Senate races in Nevada and 
Wisconsin,...",https://www.politico.com/news/2022/10/17/democrats-worry-they-peaked-too-soon-00062189,"data:image/gif;base64,R0lGODlhAQABAIAAAP///////yH5BAEKAAEALAAAAAABAAEAAAICTAEAOw=="
54,Now Would Be a Great Time for the Press to Learn How to Cover Trump,VICE,Jul 2022,,"In a state like Wisconsin that's so heavily gerrymandered only Republicans 
can win control in a split state, you can see the potential disaster.",https://www.vice.com/en/article/5d3pax/cassidy-hutchinson-donald-trump-jan-6,"data:image/gif;base64,R0lGODlhAQABAIAAAP///////yH5BAEKAAEALAAAAAABAAEAAAICTAEAOw=="
55,Fox News commentator describes midterms as ‘searing indictment’ for GOP,The Hill,3 weeks ago,2022-11-11 17:39:46.398888,"The GOP, Thiessen continued, “needs to do a really deep introspection look 
in the mirror right now, because this is an absolute disaster for the 
Republican...",https://thehill.com/homenews/3726972-fox-newss-marc-thiessen-says-midterms-a-disaster-for-gop/,"data:image/gif;base64,R0lGODlhAQABAIAAAP///////yH5BAEKAAEALAAAAAABAAEAAAICTAEAOw=="
56,The top 10 global weather and climate change events of 2021,Yale Climate Connections,1 Jan 2022,,"Time series of global weather mega-disasters costing at least $20 billion 
(adjusted ... spawning EF2 tornadoes as far north as Minnesota and 
Wisconsin – an...",https://yaleclimateconnections.org/2022/01/the-top-10-global-weather-and-climate-change-events-of-2021/,"data:image/gif;base64,R0lGODlhAQABAIAAAP///////yH5BAEKAAEALAAAAAABAAEAAAICTAEAOw=="
57,Dan Devine's debuts were a double disaster,Green Bay Packers,Apr 2021,,"As you noted, this was Devine's preseason debut and another disaster. ... a 
highly successful high school and college coach in Wisconsin,...",https://www.packers.com/news/dan-devine-s-debuts-were-a-double-disaster,"data:image/gif;base64,R0lGODlhAQABAIAAAP///////yH5BAEKAAEALAAAAAABAAEAAAICTAEAOw=="
58,11 'Loki' Episode 2 Easter Eggs And What They Could Mean ...,Slash Film,6 Jun 2021,,"This episode begins with a renaissance faire set in Oshkosh, Wisconsin in 
the ... needs to start looking in places where major disasters are 
occurring that...",https://www.slashfilm.com/581751/loki-episode-2-easter-eggs/,"data:image/gif;base64,R0lGODlhAQABAIAAAP///////yH5BAEKAAEALAAAAAABAAEAAAICTAEAOw=="
59,What Is Huawei OceanProtect Data Protection?,Huawei Enterprise,Jun 2021,,"OceanProtect is a full-lifecycle solution that provides Disaster Recovery 
(DR), backup, and archiving services to help enterprises cope with the 
soaring...",https://e.huawei.com/en/products/storage/oceanprotect,"data:image/gif;base64,R0lGODlhAQABAIAAAP///////yH5BAEKAAEALAAAAAABAAEAAAICTAEAOw=="
60,Foxconn's Plans Largely Fell Through. So Why Is Mount ...,UpNorthNews,20 Jul 2021,,"... screen factory pitched as a facility that would revolutionize 
manufacturing in Wisconsin and bring in 13,000 new jobs. ... ”It'll just be 
a disaster.”.",https://upnorthnewswi.com/2021/07/20/foxconns-plans-largely-fell-through-so-why-is-mount-pleasant-taking-more-land/,"data:image/gif;base64,R0lGODlhAQABAIAAAP///////yH5BAEKAAEALAAAAAABAAEAAAICTAEAOw=="
61,Rescuing a Linux system from near disaster,Network World.com,1 Jun 2021,,"How-to measure enterprise Wi-Fi speeds. Related: Linux. Sandra 
Henry-Stocker has been administering Unix systems...",https://www.networkworld.com/article/3621772/rescuing-a-linux-system-from-near-disaster.html,"data:image/gif;base64,R0lGODlhAQABAIAAAP///////yH5BAEKAAEALAAAAAABAAEAAAICTAEAOw=="
62,A Tactical Disaster for Russia’s Military,The New York Times,3 May 2022,,"A Tactical Disaster for Russia's Military. A failed crossing of the Donets 
River in eastern Ukraine led to heavy losses for Russian troops and rare 
criticism of...",https://www.nytimes.com/2022/05/23/podcasts/the-daily/russia-military-ukraine-war.html,"data:image/gif;base64,R0lGODlhAQABAIAAAP///////yH5BAEKAAEALAAAAAABAAEAAAICTAEAOw=="
63,More Tornado Recovery Centers,Spectrum News,20 Dec 2021,,"FRANKFORT, Ky. —There are two Disaster Recovery Centers now open in Hopkins 
and Warren Counties to help deal with tornado relief efforts.",https://spectrumnews1.com/ky/louisville/news/2021/12/20/tornado-recovery-centers,"data:image/gif;base64,R0lGODlhAQABAIAAAP///////yH5BAEKAAEALAAAAAABAAEAAAICTAEAOw=="
64,20221010 Governor Ron DeSantis Issues Updates on ...,Florida Disaster,1 month ago,2022-11-02 17:39:47.192635,"First Lady Casey DeSantis announced that the Florida Disaster Fund has 
raised ... by Hurricane Ian with wi-fi, phone batteries, and charging 
stations.",https://www.floridadisaster.org/news-media/news/20221010-governor-ron-desantis-issues-updates-on-hurricane-ian-recovery/,"data:image/gif;base64,R0lGODlhAQABAIAAAP///////yH5BAEKAAEALAAAAAABAAEAAAICTAEAOw=="
65,USPS gets more blame than it deserves for ballot woes,The Fulcrum,20 Aug 2020,,"Three weeks after the Wisconsin disaster, an Ohio primary that was switched 
to most-by-mail because of Covid-19 again focused attention on the Postal...",https://thefulcrum.us/voting/vote-by-mail-2647038971,"data:image/gif;base64,R0lGODlhAQABAIAAAP///////yH5BAEKAAEALAAAAAABAAEAAAICTAEAOw=="
66,Disaster for delusional Donald as the GOP looks to Trumpless future,The Australian,3 weeks ago,2022-11-11 17:39:47.240022,"In many battleground states, turnout exceeded half of eligible voters with 
Minnesota, Michigan, Pennsylvania and Wisconsin nearing 60 per cent turnout 
while...",https://www.theaustralian.com.au/commentary/disaster-for-delusional-donald-as-the-gop-looks-to-trumpless-future/news-story/a6c778f95dee2fbe1078be25d00141cf,"data:image/gif;base64,R0lGODlhAQABAIAAAP///////yH5BAEKAAEALAAAAAABAAEAAAICTAEAOw=="
67,FEMA opens Disaster Recovery Centers in Sarasota and ...,WUSF News,1 month ago,2022-11-02 17:39:47.253968,"Now, residents can apply for help at a FEMA Disaster Recovery Center 
located ... to charge their devices and to connect via our internet and our 
Wi-Fi that...",https://wusfnews.wusf.usf.edu/economy-business/2022-10-11/fema-opens-disaster-recovery-center-sarasota-county,"data:image/gif;base64,R0lGODlhAQABAIAAAP///////yH5BAEKAAEALAAAAAABAAEAAAICTAEAOw=="
68,"Trump calls Fauci a ""disaster"" but says it would be ""a bigger bomb to fire him""",CBS News,20 Oct 2020,,"CBS News polling shows the president trailing former Vice President Joe 
Biden nationally, as well as in key swing states like Pennsylvania and 
Wisconsin.",https://www.cbsnews.com/news/trump-reportedly-calls-fauci-disaster/,"data:image/gif;base64,R0lGODlhAQABAIAAAP///////yH5BAEKAAEALAAAAAABAAEAAAICTAEAOw=="
69,Hurricane Ian: Biden Issues Disaster Declaration as Florida Faces Massive Recovery Effort,Vanity Fair,9 Sept 2022,,"“Not a good sign for our democracy if I'm worried about bomb threats,” one 
Wisconsin election official tells Vanity Fair. By Eric Lutz. politics.",https://www.vanityfair.com/news/2022/09/hurricane-ian-batters-florida-biden-emergency-declaration,"data:image/gif;base64,R0lGODlhAQABAIAAAP///////yH5BAEKAAEALAAAAAABAAEAAAICTAEAOw=="
70,"Here's why CNN+ was a predictable $300m disaster, writes MEGHAN MCCAIN",Daily Mail,2 Apr 2022,,"Here's why CNN+ was a predictable $300m disaster, writes MEGHAN MCCAIN. By 
Meghan Mccain For Dailymail.Com 12:11 EST 22 Apr 2022 , updated 12:11 EST 
22 Apr...",https://www.dailymail.co.uk/news/article-10743845/Heres-CNN-predictable-300m-disaster-writes-MEGHAN-MCCAIN.html,"data:image/gif;base64,R0lGODlhAQABAIAAAP///////yH5BAEKAAEALAAAAAABAAEAAAICTAEAOw=="
71,Death toll rises in Kentucky flooding disaster,CBS News,Aug 2022,,"Hundreds of people in Kentucky still remain unaccounted for following one 
of the worst flooding events in state history. The death toll is also 
expected to...",https://www.cbsnews.com/video/death-toll-rises-in-kentucky-flooding-disaster/,"data:image/gif;base64,R0lGODlhAQABAIAAAP///////yH5BAEKAAEALAAAAAABAAEAAAICTAEAOw=="
72,Tornadoes add to Iowa's growing string of climate-related ...,The Des Moines Register,4 Mar 2022,,"While climate change can't be tied to individual disasters, scientists say, 
NOAA's data shows ""that we're getting more damage from some severe weather 
events,""...",https://www.desmoinesregister.com/story/money/agriculture/2022/03/24/tornadoes-iowa-climate-related-disasters-derechos-flooding-storms-weather/9430309002/,"data:image/gif;base64,R0lGODlhAQABAIAAAP///////yH5BAEKAAEALAAAAAABAAEAAAICTAEAOw=="
73,6 extreme disaster weather events happened June 13,VERIFYThis.com,3 Jun 2022,,"At least two deaths in Wisconsin are being investigated as potential ... 
Montana Governor Greg Gianforte declared a statewide disaster in response 
to the...",https://www.verifythis.com/article/news/verify/extreme-weather-verify/six-extreme-weather-events-did-happen-in-us-heat-flood-fire-drought-storms-june-13-2022/536-9a0c0f38-d62e-4bc1-acb5-35b31766dc41,"data:image/gif;base64,R0lGODlhAQABAIAAAP///////yH5BAEKAAEALAAAAAABAAEAAAICTAEAOw=="
74,Opinion | Our constitutional crisis is already here,The Washington Post,3 Sept 2021,,"... and send troops into Pennsylvania or Texas or Wisconsin to quell 
violent protests? ... for not doing enough to prevent this disaster are not 
being fair.",https://www.washingtonpost.com/opinions/2021/09/23/robert-kagan-constitutional-crisis/,"data:image/gif;base64,R0lGODlhAQABAIAAAP///////yH5BAEKAAEALAAAAAABAAEAAAICTAEAOw=="
75,Looking back at the natural disasters that took place in India in 2021,Business Insider India,10 Dec 2021,,"While India was already battling with the COVID-19 pandemic this year, 
climate change-induced natural disasters like floods, cyclones have also 
been making...",https://www.businessinsider.in/science/environment/news/looking-back-at-the-natural-disasters-that-took-place-in-india-in-2021/slidelist/88204897.cms,"data:image/gif;base64,R0lGODlhAQABAIAAAP///////yH5BAEKAAEALAAAAAABAAEAAAICTAEAOw=="
76,Red Cross to 'stop coming' to 10 ZIP codes in Milwaukee,WISN,9 Dec 2017,,"... are exhausted from responding to disasters all over the country since 
May. ... and the Red Cross headquarters on 26th Street and Wisconsin Avenue.",https://www.wisn.com/article/red-cross-to-stop-coming-to-10-zip-codes-in-milwaukee/14513471,"data:image/gif;base64,R0lGODlhAQABAIAAAP///////yH5BAEKAAEALAAAAAABAAEAAAICTAEAOw=="
77,"Woop Christmas dinner disaster slammed for mouldy bread, small portions and broken glass",Daily Mail,5 Dec 2021,,"A service delivering deluxe Christmas dinner in a box has been branded a 
disaster by customers who had to make frantic last minute runs to the 
supermarket.",https://www.dailymail.co.uk/news/article-10343769/Woop-Christmas-dinner-disaster-slammed-mouldy-bread-small-portions-broken-glass.html,"data:image/gif;base64,R0lGODlhAQABAIAAAP///////yH5BAEKAAEALAAAAAABAAEAAAICTAEAOw=="
78,Most expensive climate disasters in recent decades | The ...,YourValley.net,1 month ago,2022-11-02 17:39:48.047122,"Stacker ranked the most expensive climate disasters by the billions since 
1980 by the ... causing damage in Illinois, Indiana, Nebraska, and 
Wisconsin.","https://yourvalley.net/apache-junction-independent/premium/stories/most-expensive-climate-disasters-in-recent-decades,339171","data:image/gif;base64,R0lGODlhAQABAIAAAP///////yH5BAEKAAEALAAAAAABAAEAAAICTAEAOw=="
79,"Yes, There Has Been Progress on Climate. No, It's Not Nearly ...",The New York Times,5 Oct 2021,,"... a climate scientist at University of Wisconsin-Madison who co-authored 
a study finding that a 3 degree trajectory could lead to an abrupt jump in 
the...",https://www.nytimes.com/interactive/2021/10/25/climate/world-climate-pledges-cop26.html,"data:image/gif;base64,R0lGODlhAQABAIAAAP///////yH5BAEKAAEALAAAAAABAAEAAAICTAEAOw=="
80,It's official — OxygenOS 12 for OnePlus 9 is a disaster,Tom's Guide,Dec 2021,,"For example, some people have reported that they're having trouble making 
and receiving calls, or that some animations are simply missing, or that 
Wi-Fi is...",https://www.tomsguide.com/news/its-official-oxygenos-12-for-oneplus-9-is-a-disaster,"data:image/gif;base64,R0lGODlhAQABAIAAAP///////yH5BAEKAAEALAAAAAABAAEAAAICTAEAOw=="
81,Russia hid details about nuclear accidents — here's what we know,Business Insider,9 Sept 2019,,"The Chernobyl nuclear power plant disaster was followed by three days of 
silence from the Soviet government. When officials did make a statement,...",https://www.businessinsider.com/nuclear-accidents-russia-hid-details-2019-9,"data:image/gif;base64,R0lGODlhAQABAIAAAP///////yH5BAEKAAEALAAAAAABAAEAAAICTAEAOw=="
82,World Cup 2022: Media Confronts Moral Dilemmas and Coverage Quirks in Qatar,Vanity Fair,2 weeks ago,2022-11-18 17:39:48.771689,"“Fuck Biden,” “Don't Tread on Me,” and a Wisconsin Death Trip for Our 
Times. By Jeff Sharlet. Image may contain: Portrait, Head, Photography, 
Face, Person,...",https://www.vanityfair.com/news/2022/11/world-cup-2022-qatar-media,"data:image/gif;base64,R0lGODlhAQABAIAAAP///////yH5BAEKAAEALAAAAAABAAEAAAICTAEAOw=="
83,Microsoft’s Terrible Windows 11 Launch Risks Repeating the Windows 8 Disaster,Review Geek,Jul 2021,,"Microsoft's Terrible Windows 11 Launch Risks Repeating the Windows 8 
Disaster. A Windows 11 Home screen in Dark Theme mdoe Microsoft.",https://www.reviewgeek.com/90550/how-microsoft-is-botching-the-windows-11-launch/,"data:image/gif;base64,R0lGODlhAQABAIAAAP///////yH5BAEKAAEALAAAAAABAAEAAAICTAEAOw=="
84,4 Deep Underground and Secret US Military Bases,SOFREP,8 Aug 2021,,"One of the bases is even used as a command post for high-ranking government 
officials in the event of war or a major natural disaster.",https://sofrep.com/news/deep-underground-and-secret-us-military-bases/,"data:image/gif;base64,R0lGODlhAQABAIAAAP///////yH5BAEKAAEALAAAAAABAAEAAAICTAEAOw=="
85,Donald Trump: Justizminister William Barr Donald erwägt ...,Frankfurter Rundschau,Dec 2020,,"Donald Trump verliert bei der US-Wahl 2020 in Wisconsin, daran ändert auch 
... November in Washington D.C. statt – und endete in einem Desaster für 
Trumps...",https://www.fr.de/politik/donald-trump-usa-wahl-2020-william-barr-joe-justizminister-rudy-giuliani-wahlbetrug-90115199.html,"data:image/gif;base64,R0lGODlhAQABAIAAAP///////yH5BAEKAAEALAAAAAABAAEAAAICTAEAOw=="
86,New images show burned bodies at ruined nursing home in ...,The Washington Post,3 Apr 2022,,"Ukrainian authorities have said dozens were killed in the disaster. ... 
Pro-Russian forces in the region blamed Ukraine for the disaster, claiming 
Ukrainian...",https://www.washingtonpost.com/world/2022/04/13/ukraine-nursing-home-bodies-video/,"data:image/gif;base64,R0lGODlhAQABAIAAAP///////yH5BAEKAAEALAAAAAABAAEAAAICTAEAOw=="
87,LILLEY: Rogers outage disastrous in the technological age,Toronto Sun,Jul 2022,,"Even my condo building, which has Wi-Fi in some common areas, is on Rogers. 
... It took the disaster of the Rogers outage to get me working at a desk 
back...",https://torontosun.com/opinion/columnists/lilley-rogers-outage-disastrous-in-the-technological-age,"data:image/gif;base64,R0lGODlhAQABAIAAAP///////yH5BAEKAAEALAAAAAABAAEAAAICTAEAOw=="
88,Crain's New York editor's comment about AOC triggers Ocasio ...,Crain's New York Business,1 Feb 2019,,"Queens saw how the FoxConn/Wisconsin disaster is working out - a $4.5 
billion nightmare - & asked Qs. The response? “This is above you, you won't 
get it.”.",https://www.crainsnewyork.com/politics/crains-editors-amazon-comment-triggers-aoc-give-critics,"data:image/gif;base64,R0lGODlhAQABAIAAAP///////yH5BAEKAAEALAAAAAABAAEAAAICTAEAOw=="
89,First Canada Tried to Charm Trump. Now It’s Fighting Back.,The New York Times,Jun 2018,,"... (targeting the Senate majority leader, Mitch McConnell) and Wisconsin 
gherkins (the House speaker, Paul Ryan). “We were very prepared,” Freeland 
said.",https://www.nytimes.com/2018/06/09/magazine/justin-trudeau-chrystia-freeland-trade-canada-us-.html,"data:image/gif;base64,R0lGODlhAQABAIAAAP///////yH5BAEKAAEALAAAAAABAAEAAAICTAEAOw=="
90,6 Go Arounds - Jet Airways Boeing 737 Nearly Crash Story,Sam Chui,7 Feb 2022,,"... flight and wasting time doing unwise things is the common ticket to 
disaster. ... Virgin Hotels, Virgin Trains USA, Vistara, Volga Dnepr, 
WestJet, Wi-Fi...",https://samchui.com/2022/02/27/6-go-arounds-jet-airways-boeing-737-nearly-crash-story/,"data:image/gif;base64,R0lGODlhAQABAIAAAP///////yH5BAEKAAEALAAAAAABAAEAAAICTAEAOw=="
91,"Fatigue, unclear NOTAMs led to Air Canada near-miss: NTSB ...",Runway Girl,Nov 2018,,"In the Air Canada incident, disaster was averted by 13 feet, when pilots 
realized their error and aborted landing, but it was a very close call.",https://runwaygirlnetwork.com/2018/11/fatigue-unclear-notams-led-to-air-canada-near-miss-ntsb-vice-chair/,"data:image/gif;base64,R0lGODlhAQABAIAAAP///////yH5BAEKAAEALAAAAAABAAEAAAICTAEAOw=="
92,6 Git mistakes you will make — and how to fix them,InfoWorld,5 Jan 2020,,"The further you go down the list, the bigger the disasters get. Git mistake 
#1: You forgot to add changes to the last commit. This is one of the 
easiest Git...",https://www.infoworld.com/article/3514574/6-git-mistakes-you-will-make-and-how-to-fix-them.html,"data:image/gif;base64,R0lGODlhAQABAIAAAP///////yH5BAEKAAEALAAAAAABAAEAAAICTAEAOw=="
93,USA And Mexico – Evacuations and Rescues After Flooding ...,FloodList,Oct 2018,,"... Tennessee · Texas · Utah · Vermont · Virginia · Washington · Wisconsin 
... Using Drones for Flood Disaster Risk Reduction, Assessment and 
Recovery...",https://floodlist.com/america/usa-mexico-flooding-storm-rosa-october-2018,"data:image/gif;base64,R0lGODlhAQABAIAAAP///////yH5BAEKAAEALAAAAAABAAEAAAICTAEAOw=="
94,Top 10 operational risks for 2021,Risk.net,Mar 2021,,"... are intimately familiar with the turmoil created by dodgy Wi-Fi 
connections, ... by the US government under its Economic Injury Disaster 
Loan programme.",https://www.risk.net/risk-management/7800126/top-10-operational-risks-for-2021,"data:image/gif;base64,R0lGODlhAQABAIAAAP///////yH5BAEKAAEALAAAAAABAAEAAAICTAEAOw=="
95,The 'Itanic'—Intel's ill-fated Itanium processor—finally sinks,Network World.com,10 Aug 2021,,"The project was dubbed “Itanic” for the amount of cash being spent on it, 
its ambition, and the disaster that followed. (A chip-analyst friend bought 
the...",https://www.networkworld.com/article/3628450/the-itanic-finally-sinks.html,"data:image/gif;base64,R0lGODlhAQABAIAAAP///////yH5BAEKAAEALAAAAAABAAEAAAICTAEAOw=="
96,The Winter War Ghost Haunts Putin's War Today,Psychology Today,1 Mar 2022,,"The Russo-Finnish War was a near-disaster for Stalin, presaging Putin's 
war. ... Memphis, TN · Miami, FL · Milwaukee, WI · Minneapolis, MN · 
Nashville, TN...",https://www.psychologytoday.com/us/blog/peace-and-war/202203/the-winter-war-ghost-haunts-putins-war-today,"data:image/gif;base64,R0lGODlhAQABAIAAAP///////yH5BAEKAAEALAAAAAABAAEAAAICTAEAOw=="
97,Google Pixel 6 fingerprint disaster — it can stop working if ...,Tom's Guide,10 Nov 2021,,"... enhanced security reasons), then there have since been reports of 
faulty screens, ghost dialing and problems with both Wi-Fi and cellular 
connectivity.",https://www.tomsguide.com/news/google-pixel-6-fingerprint-sensor-can-stop-working-if-you-run-out-of-battery,"data:image/gif;base64,R0lGODlhAQABAIAAAP///////yH5BAEKAAEALAAAAAABAAEAAAICTAEAOw=="
98,Xenoblade Chronicles 3 Pre-Orders Are A Mess,WePC,Jun 2022,,"Pre-orders for the special edition of the game released today and are 
apparently a slight disaster, however. NOW READ: Early Black Friday deals 
are starting to...",https://www.wepc.com/news/xenoblade-chronicles-3-preorder-mess/,"data:image/gif;base64,R0lGODlhAQABAIAAAP///////yH5BAEKAAEALAAAAAABAAEAAAICTAEAOw=="
99,Apocalypse here: Why Colorado is such a popular setting for humanity’s downfall,The Denver Post,Sept 2020,,"“Over 40 years of popular culture, a lot of people have looked at what's 
happening on a global scale and extrapolated these disasters that end up 
mirroring...",https://www.denverpost.com/2020/09/02/apocalypse-here-why-colorado-is-such-a-popular-setting-for-humanitys-downfall/,"data:image/gif;base64,R0lGODlhAQABAIAAAP///////yH5BAEKAAEALAAAAAABAAEAAAICTAEAOw=="
100,Roblox’s cloud-native catastrophe: A post mortem,InfoWorld,1 Jan 2022,,"Data Center Internet of Things Linux Networking SD-WAN Servers Storage 
Wi-Fi · About Us |; Contact |; Republication Permissions |; Privacy 
Policy...",https://www.infoworld.com/article/3648414/robloxs-cloud-native-catastrophe-a-post-mortem.html,"data:image/gif;base64,R0lGODlhAQABAIAAAP///////yH5BAEKAAEALAAAAAABAAEAAAICTAEAOw=="
101,Peloton Responds After Sex and the City’s Mr. Big Dies in ‘And Just Like That’ Premiere,Us Weekly,Dec 2021,,An exercise disaster. After the Sex and the City revival...,https://www.usmagazine.com/entertainment/news/peloton-reacts-to-mr-bigs-death-in-satc-revival-and-just-like-that/,"data:image/gif;base64,R0lGODlhAQABAIAAAP///////yH5BAEKAAEALAAAAAABAAEAAAICTAEAOw=="
102,TRANSCRIPT: ABC News anchor David Muir interviews ...,ABC News,5 Jan 2017,,"She should've gone to Wisconsin, she thought she had it because you're 
talking about 38 years of, ... It's -- it's a disaster what's happening 
over there.",https://abcnews.go.com/Politics/transcript-abc-news-anchor-david-muir-interviews-president/story?id=45047602,"data:image/gif;base64,R0lGODlhAQABAIAAAP///////yH5BAEKAAEALAAAAAABAAEAAAICTAEAOw=="
103,"At Guatemala volcano, weather and danger hinder search",PBS,Jun 2018,,"In past disasters in which authorities determined there was no chance of 
... Asked about that possibility, the director of Guatemala's disaster 
agency,...",https://www.pbs.org/newshour/world/at-guatemala-volcano-weather-and-danger-hinder-search,"data:image/gif;base64,R0lGODlhAQABAIAAAP///////yH5BAEKAAEALAAAAAABAAEAAAICTAEAOw=="
104,US market of “great importance” to Air Serbia,EX-YU Aviation News,2 Oct 2021,,"... Midwest airports (in Wisconsin and Indiana for example) but would 
gladly ... The flights to America are beyond a reasonable doubt a financial 
desaster...",https://www.exyuaviation.com/2021/10/us-market-of-great-importance-to-air.html,"data:image/gif;base64,R0lGODlhAQABAIAAAP///////yH5BAEKAAEALAAAAAABAAEAAAICTAEAOw=="
105,Volcanoes can kill thousands. We should pay closer attention ...,Massive Science,Oct 2018,,"They report any alerts to the National Coordinator for Disaster Prevention 
(CONRED). However, monitoring in Hawaii is arguably the best in the 
world,...",https://massivesci.com/articles/volcano-danger-hawaii-world-safety/,"data:image/gif;base64,R0lGODlhAQABAIAAAP///////yH5BAEKAAEALAAAAAABAAEAAAICTAEAOw=="
106,"MaxLinear, Inc. (MXL) CEO Kishore Seendripu on Q2 2022 ...",Seeking Alpha,7 Jul 2022,,"We continue to see robust demand across our expanding product portfolio, in 
particular, fiber gateway access, Wi-Fi connectivity and wireless 
infrastructure...",https://seekingalpha.com/article/4526616-maxlinear-inc-mxl-ceo-kishore-seendripu-on-q2-2022-results-earnings-call-transcript,"data:image/gif;base64,R0lGODlhAQABAIAAAP///////yH5BAEKAAEALAAAAAABAAEAAAICTAEAOw=="
107,Death toll from Guatemala's erupting Volcano of Fire rises to 69,Daily Mail,Jun 2018,,"The second explosion hindered rescue efforts today as disaster workers 
pulled bodies from the brown sludge that engulfed the village of El 
Rodeo,...",https://www.dailymail.co.uk/news/article-5804245/Death-toll-Guatemalas-erupting-Volcano-Fire-rises-38.html,"data:image/gif;base64,R0lGODlhAQABAIAAAP///////yH5BAEKAAEALAAAAAABAAEAAAICTAEAOw=="
108,International airport project affected by COVID-19 but still on ...,Dominica News Online,6 Jun 2020,,"Since before Mr in office it has been a priority wi….alas, ... Skerrit 
always finds one Desaster or another to serve as his scapegoat why his lies 
don't...",https://dominicanewsonline.com/news/homepage/news/international-airport-project-affected-by-covid-19-but-still-on-priority-list-pm-skerrit/,"data:image/gif;base64,R0lGODlhAQABAIAAAP///////yH5BAEKAAEALAAAAAABAAEAAAICTAEAOw=="
109,Chiara Schultes bei der Eishockey-WM: Unglaublich positives ...,Onetz,3 Jun 2022,,"... bei der Weltmeisterschaft im Bundesstaat Wisconsin/USA. Trotz des 
1:0-Auftaktsiegs ... Nächstes WM-Desaster: DFB-Team bei WM trotz Sieg 
ausgeschieden.",https://www.onetz.de/sport/fuchsmuehl/chiara-schultes-eishockey-wm-unglaublich-positives-gefuehl-id3600355.html,"data:image/gif;base64,R0lGODlhAQABAIAAAP///////yH5BAEKAAEALAAAAAABAAEAAAICTAEAOw=="
110,The Astrologer Who Predicted the Pandemic Publishes Must-Read Calendar for 2022,EIN News,5 Oct 2021,,"... Music · Natural Disasters · Politics · Religion · Real Estate ... 
Virginia (US) · Washington (US) · West Virginia (US) · Western Sahara · 
Wisconsin (US)...",https://www.einnews.com/pr_news/554724359/the-astrologer-who-predicted-the-pandemic-publishes-must-read-calendar-for-2022,"data:image/gif;base64,R0lGODlhAQABAIAAAP///////yH5BAEKAAEALAAAAAABAAEAAAICTAEAOw=="
111,"5 Underrated '80s Crossover Thrash Records, by Mikey “J.C. ...",No Echo,7 Nov 2017,,"Exodus, Fabulous Desaster (Combat Records, 1988) ... Caught One: Wisconsin 
Band Deals Out Metallic Hardcore via “Potential” (PREMIERE). Features...",https://www.noecho.net/lists/5-underrated-80s-crossover-thrash-records,"data:image/gif;base64,R0lGODlhAQABAIAAAP///////yH5BAEKAAEALAAAAAABAAEAAAICTAEAOw=="
112,Premium Economy Cutbacks At United Airlines Demonstrate ...,Live and Let's Fly,Apr 2022,,"That is why “United Next” will transform United's narrowbody fleet, adding 
more plugs, faster wi-fi, large seatback screens, and mood lighting.",https://liveandletsfly.com/united-airlines-premium-economy-liquor/,"data:image/gif;base64,R0lGODlhAQABAIAAAP///////yH5BAEKAAEALAAAAAABAAEAAAICTAEAOw=="
113,NBA-Trikots 22/23: Phoenix kopiert die Konkurrenz - noch ein Lakers-Jersey,SPOX.com,30 Sept 2022,,"Sind Ray Allen, Sam Cassell und Glenn Robinson zurück in Wisconsin? ... Die 
Gründe für das Mavs-Desaster2Enttäuschend: Zwei Bayern-Stars droht gegen 
Costa...",https://www.spox.com/de/sport/ussport/nba/2207/Diashows/neue-trikots-jerseys-leaks-saison-2022-23/trikot-leaks-dallas-mavericks-los-angeles-lakers-warriors-celtics-knicks-sixers-suns-nets.html,"data:image/gif;base64,R0lGODlhAQABAIAAAP///////yH5BAEKAAEALAAAAAABAAEAAAICTAEAOw=="
114,AMD Ryzen 7000 im Test: So schnell sind 7950X und 7700X,ComputerBase,6 Sept 2022,,"Nach dem Takt-Desaster bei Ryzen 3000, als viele SKUs die versprochenen 
maximalen Turbotaktraten nicht erreichten, schlägt Ryzen 7000 wie Ryzen 
5000 einen...",https://www.computerbase.de/2022-09/amd-ryzen-7950x-7900x-7700x-7600x-test/,"data:image/gif;base64,R0lGODlhAQABAIAAAP///////yH5BAEKAAEALAAAAAABAAEAAAICTAEAOw=="
